[
  {
    "id": "7594c594-a906-4e93-a259-a507ee8f6eb4",
    "data": [
      {
        "text": "Fivestar",
        "alias": "tags",
        "meta": "@tag",
        "userDefined": true
      },
      {
        "text": " is very costly, remove it from my cart",
        "userDefined": false
      }
    ],
    "isTemplate": false,
    "count": 0,
    "updated": 0
  },
  {
    "id": "9020fbdc-d9cd-4327-b2b6-d1d16b9961a9",
    "data": [
      {
        "text": "I am not going to buy ",
        "userDefined": false
      },
      {
        "text": "cold drink",
        "alias": "tags",
        "meta": "@tag",
        "userDefined": true
      }
    ],
    "isTemplate": false,
    "count": 0,
    "updated": 0
  },
  {
    "id": "f3f252ea-46a1-4a55-ab9f-691d9ea30cc9",
    "data": [
      {
        "text": "Delete ",
        "userDefined": false
      },
      {
        "text": "kitkat",
        "alias": "tags",
        "meta": "@tag",
        "userDefined": true
      },
      {
        "text": " ",
        "userDefined": false
      },
      {
        "text": "chocolate",
        "alias": "tags",
        "meta": "@tag",
        "userDefined": true
      },
      {
        "text": " from my shopping bag",
        "userDefined": false
      }
    ],
    "isTemplate": false,
    "count": 0,
    "updated": 0
  },
  {
    "id": "0183097f-ec1a-473f-a713-389abdc10c91",
    "data": [
      {
        "text": "I do not want ",
        "userDefined": false
      },
      {
        "text": "dairy",
        "alias": "tags",
        "meta": "@tag",
        "userDefined": false
      },
      {
        "text": " ",
        "userDefined": false
      },
      {
        "text": "milk",
        "alias": "tags",
        "meta": "@tag",
        "userDefined": false
      }
    ],
    "isTemplate": false,
    "count": 0,
    "updated": 0
  },
  {
    "id": "8f71b906-30aa-45ad-ad63-10f3fe0c4262",
    "data": [
      {
        "text": "Remove ",
        "userDefined": false
      },
      {
        "text": "Cocacola",
        "alias": "tags",
        "meta": "@tag",
        "userDefined": true
      }
    ],
    "isTemplate": false,
    "count": 0,
    "updated": 0
  }
]