[
  {
    "id": "4bfa970a-ecc3-496a-bb00-3998721892d4",
    "data": [
      {
        "text": "I think ",
        "userDefined": false
      },
      {
        "text": "two",
        "alias": "quantity",
        "meta": "@sys.number",
        "userDefined": false
      },
      {
        "text": " would be enough for my family",
        "userDefined": false
      }
    ],
    "isTemplate": false,
    "count": 0,
    "updated": 0
  },
  {
    "id": "d9e007ea-49a0-4cd3-a213-d20e032cb902",
    "data": [
      {
        "text": "How about ",
        "userDefined": false
      },
      {
        "text": "6",
        "alias": "quantity",
        "meta": "@sys.number",
        "userDefined": false
      }
    ],
    "isTemplate": false,
    "count": 0,
    "updated": 0
  },
  {
    "id": "edb60257-fe4a-4d67-ad72-b7aa3b5a7d9a",
    "data": [
      {
        "text": "I want ",
        "userDefined": false
      },
      {
        "text": "three",
        "alias": "quantity",
        "meta": "@sys.number",
        "userDefined": false
      },
      {
        "text": " of them",
        "userDefined": false
      }
    ],
    "isTemplate": false,
    "count": 0,
    "updated": 0
  },
  {
    "id": "12271b61-0ca7-4677-923a-6a441a42a6a2",
    "data": [
      {
        "text": "3",
        "alias": "quantity",
        "meta": "@sys.number",
        "userDefined": false
      }
    ],
    "isTemplate": false,
    "count": 0,
    "updated": 0
  },
  {
    "id": "ba081088-72e2-49b4-a1c6-4ce4781eef95",
    "data": [
      {
        "text": "four",
        "alias": "quantity",
        "meta": "@sys.number",
        "userDefined": false
      }
    ],
    "isTemplate": false,
    "count": 0,
    "updated": 0
  }
]