[
  {
    "id": "e646a043-cca4-4e61-94e2-f1a0e388e3f8",
    "data": [
      {
        "text": "clear cart",
        "userDefined": false
      }
    ],
    "isTemplate": false,
    "count": 0,
    "updated": 0
  },
  {
    "id": "6991b07d-fa99-4163-ad85-52de8647fd7e",
    "data": [
      {
        "text": "I don\u0027t want anything in my cart",
        "userDefined": false
      }
    ],
    "isTemplate": false,
    "count": 0,
    "updated": 0
  },
  {
    "id": "1374c3c5-ff64-4ac6-8279-ce8f4e714235",
    "data": [
      {
        "text": "clear all  products from my cart",
        "userDefined": false
      }
    ],
    "isTemplate": false,
    "count": 0,
    "updated": 0
  },
  {
    "id": "1526bd2b-4842-42ca-9a1d-a008aed9dffd",
    "data": [
      {
        "text": "Delete everything from my cart",
        "userDefined": false
      }
    ],
    "isTemplate": false,
    "count": 0,
    "updated": 0
  },
  {
    "id": "4deb6e6d-4aee-4a3e-8bb9-eabad34d4b8f",
    "data": [
      {
        "text": "empty up my cart",
        "userDefined": false
      }
    ],
    "isTemplate": false,
    "count": 0,
    "updated": 0
  },
  {
    "id": "78d55672-bd69-4886-b931-f7638342c912",
    "data": [
      {
        "text": "Remove all items from my cart\u0027",
        "userDefined": false
      }
    ],
    "isTemplate": false,
    "count": 0,
    "updated": 0
  }
]