[
  {
    "id": "915318a1-ea4b-4885-b1b7-d5e8c1c1f5f8",
    "data": [
      {
        "text": "I think ",
        "userDefined": false
      },
      {
        "text": "two",
        "alias": "quantity",
        "meta": "@sys.number",
        "userDefined": false
      },
      {
        "text": " would be enough for my family",
        "userDefined": false
      }
    ],
    "isTemplate": false,
    "count": 0,
    "updated": 0
  },
  {
    "id": "60cec01e-ed13-48b5-a753-6fe3c2d5ba9a",
    "data": [
      {
        "text": "How about ",
        "userDefined": false
      },
      {
        "text": "6",
        "alias": "quantity",
        "meta": "@sys.number",
        "userDefined": false
      }
    ],
    "isTemplate": false,
    "count": 0,
    "updated": 0
  },
  {
    "id": "8b499590-0a69-49e6-b7f5-4137e8e13adc",
    "data": [
      {
        "text": "I want ",
        "userDefined": false
      },
      {
        "text": "three",
        "alias": "quantity",
        "meta": "@sys.number",
        "userDefined": false
      },
      {
        "text": " of them",
        "userDefined": false
      }
    ],
    "isTemplate": false,
    "count": 0,
    "updated": 0
  },
  {
    "id": "9e5e676f-214c-44c5-827b-5a456f03c3b8",
    "data": [
      {
        "text": "3",
        "alias": "quantity",
        "meta": "@sys.number",
        "userDefined": false
      }
    ],
    "isTemplate": false,
    "count": 0,
    "updated": 0
  },
  {
    "id": "16a1eb77-5f8e-45d2-93a6-6d5f60bc9700",
    "data": [
      {
        "text": "four",
        "alias": "quantity",
        "meta": "@sys.number",
        "userDefined": false
      }
    ],
    "isTemplate": false,
    "count": 0,
    "updated": 0
  }
]