[
  {
    "id": "7e015842-ae9e-400b-83c7-451b13b339db",
    "data": [
      {
        "text": "clear cart",
        "userDefined": false
      }
    ],
    "isTemplate": false,
    "count": 0,
    "updated": 0
  },
  {
    "id": "b7fc6b83-4708-4c77-af37-f78c0d440f9a",
    "data": [
      {
        "text": "I don\u0027t want anything in my cart",
        "userDefined": false
      }
    ],
    "isTemplate": false,
    "count": 0,
    "updated": 0
  },
  {
    "id": "279af114-c7a0-43be-b56b-b97a2b805aac",
    "data": [
      {
        "text": "clear all  products from my cart",
        "userDefined": false
      }
    ],
    "isTemplate": false,
    "count": 0,
    "updated": 0
  },
  {
    "id": "fbbb5766-9b16-4285-9728-295a9479ae0c",
    "data": [
      {
        "text": "Delete everything from my cart",
        "userDefined": false
      }
    ],
    "isTemplate": false,
    "count": 0,
    "updated": 0
  },
  {
    "id": "6071ffd8-65ed-4e61-a706-339e98a702a0",
    "data": [
      {
        "text": "empty up my cart",
        "userDefined": false
      }
    ],
    "isTemplate": false,
    "count": 0,
    "updated": 0
  },
  {
    "id": "e612350e-d103-4154-afa9-f882dd3a2210",
    "data": [
      {
        "text": "Remove all items from my cart\u0027",
        "userDefined": false
      }
    ],
    "isTemplate": false,
    "count": 0,
    "updated": 0
  }
]