[
  {
    "id": "e85ba515-9359-4f1e-8ea7-a4fea24085cb",
    "data": [
      {
        "text": "Get me the items in my cart",
        "userDefined": false
      }
    ],
    "isTemplate": false,
    "count": 0,
    "updated": 0
  },
  {
    "id": "e6f91164-034d-47f9-8cfe-cb0a7a29cc7e",
    "data": [
      {
        "text": "Modify products in the cart",
        "userDefined": false
      }
    ],
    "isTemplate": false,
    "count": 0,
    "updated": 0
  },
  {
    "id": "67bc58ae-74f5-4a91-bfa3-dbc4e0e2fa2b",
    "data": [
      {
        "text": "How much is the order total",
        "userDefined": false
      }
    ],
    "isTemplate": false,
    "count": 0,
    "updated": 0
  },
  {
    "id": "481076fd-b906-4ade-813a-a10d5a82fda8",
    "data": [
      {
        "text": "Display my shopping list",
        "userDefined": false
      }
    ],
    "isTemplate": false,
    "count": 0,
    "updated": 0
  },
  {
    "id": "f9e15374-3e4e-406a-bcec-44648e6fda6b",
    "data": [
      {
        "text": "What things I am buying",
        "userDefined": false
      }
    ],
    "isTemplate": false,
    "count": 0,
    "updated": 0
  },
  {
    "id": "8e3506d4-4135-42a7-9ea4-b826bd8a823b",
    "data": [
      {
        "text": "Show me my shopping bag",
        "userDefined": false
      }
    ],
    "isTemplate": false,
    "count": 0,
    "updated": 0
  },
  {
    "id": "4b3c2dba-de36-4afb-9cc7-e1525a1c7855",
    "data": [
      {
        "text": "What\u0027s on my cart",
        "userDefined": false
      }
    ],
    "isTemplate": false,
    "count": 0,
    "updated": 0
  }
]