[
  {
    "id": "4daa8025-21da-482f-be5d-80345a19d239",
    "data": [
      {
        "text": "Fivestar",
        "alias": "tags",
        "meta": "@tag",
        "userDefined": true
      },
      {
        "text": " is very costly, remove it from my cart",
        "userDefined": false
      }
    ],
    "isTemplate": false,
    "count": 0,
    "updated": 0
  },
  {
    "id": "2f217b63-7490-4537-b4aa-8b230f9b1d97",
    "data": [
      {
        "text": "I am not going to buy ",
        "userDefined": false
      },
      {
        "text": "cold drink",
        "alias": "tags",
        "meta": "@tag",
        "userDefined": true
      }
    ],
    "isTemplate": false,
    "count": 0,
    "updated": 0
  },
  {
    "id": "43e6908d-d48f-408a-88b4-729ad6080569",
    "data": [
      {
        "text": "Delete ",
        "userDefined": false
      },
      {
        "text": "kitkat",
        "alias": "tags",
        "meta": "@tag",
        "userDefined": true
      },
      {
        "text": " ",
        "userDefined": false
      },
      {
        "text": "chocolate",
        "alias": "tags",
        "meta": "@tag",
        "userDefined": true
      },
      {
        "text": " from my shopping bag",
        "userDefined": false
      }
    ],
    "isTemplate": false,
    "count": 0,
    "updated": 0
  },
  {
    "id": "35ed01b5-9aa1-4ce9-b7e2-50aecfd924fe",
    "data": [
      {
        "text": "I do not want ",
        "userDefined": false
      },
      {
        "text": "dairy",
        "alias": "tags",
        "meta": "@tag",
        "userDefined": false
      },
      {
        "text": " ",
        "userDefined": false
      },
      {
        "text": "milk",
        "alias": "tags",
        "meta": "@tag",
        "userDefined": false
      }
    ],
    "isTemplate": false,
    "count": 0,
    "updated": 0
  },
  {
    "id": "a02632b3-ac1a-48a7-b762-cf5afe0d9164",
    "data": [
      {
        "text": "Remove ",
        "userDefined": false
      },
      {
        "text": "Cocacola",
        "alias": "tags",
        "meta": "@tag",
        "userDefined": true
      }
    ],
    "isTemplate": false,
    "count": 0,
    "updated": 0
  }
]