[
  {
    "id": "8337e45e-9338-4b21-b129-e9a3baa9b361",
    "data": [
      {
        "text": "remove ",
        "userDefined": false
      },
      {
        "text": "tv",
        "alias": "tags",
        "meta": "@tag",
        "userDefined": true
      },
      {
        "text": " from cart",
        "userDefined": false
      }
    ],
    "isTemplate": false,
    "count": 0,
    "updated": 0
  },
  {
    "id": "434a124c-abcc-48a7-8126-a65dc2b5beba",
    "data": [
      {
        "text": "Fivestar",
        "alias": "tags",
        "meta": "@tag",
        "userDefined": true
      },
      {
        "text": " is very costly, remove it from my cart",
        "userDefined": false
      }
    ],
    "isTemplate": false,
    "count": 0,
    "updated": 0
  },
  {
    "id": "7c55bba2-dae9-4c0e-b9be-a09e864eac07",
    "data": [
      {
        "text": "I am not going to buy ",
        "userDefined": false
      },
      {
        "text": "cold drink",
        "alias": "tags",
        "meta": "@tag",
        "userDefined": true
      }
    ],
    "isTemplate": false,
    "count": 0,
    "updated": 0
  },
  {
    "id": "384433fd-1788-406b-9320-447f49956040",
    "data": [
      {
        "text": "Delete ",
        "userDefined": false
      },
      {
        "text": "kitkat",
        "alias": "tags",
        "meta": "@tag",
        "userDefined": true
      },
      {
        "text": " ",
        "userDefined": false
      },
      {
        "text": "chocolate",
        "alias": "tags",
        "meta": "@tag",
        "userDefined": true
      },
      {
        "text": " from my shopping bag",
        "userDefined": false
      }
    ],
    "isTemplate": false,
    "count": 0,
    "updated": 0
  },
  {
    "id": "d3833a3a-fe96-4323-9f75-fbafbf0353e0",
    "data": [
      {
        "text": "I do not want ",
        "userDefined": false
      },
      {
        "text": "dairy",
        "alias": "tags",
        "meta": "@tag",
        "userDefined": false
      },
      {
        "text": " ",
        "userDefined": false
      },
      {
        "text": "milk",
        "alias": "tags",
        "meta": "@tag",
        "userDefined": false
      }
    ],
    "isTemplate": false,
    "count": 0,
    "updated": 0
  },
  {
    "id": "b006df3e-9a95-452a-aad1-0adae2811e7a",
    "data": [
      {
        "text": "Remove ",
        "userDefined": false
      },
      {
        "text": "Cocacola",
        "alias": "tags",
        "meta": "@tag",
        "userDefined": true
      }
    ],
    "isTemplate": false,
    "count": 0,
    "updated": 0
  }
]