[
  {
    "id": "ecd3f922-bdca-43aa-96e9-4f97f350d3d7",
    "data": [
      {
        "text": "I wish to change the quantity of an item in my cart",
        "userDefined": false
      }
    ],
    "isTemplate": false,
    "count": 0,
    "updated": 0
  },
  {
    "id": "fb7b3449-437d-420f-a175-91790ac1a692",
    "data": [
      {
        "text": "Modify the quantity to ",
        "userDefined": false
      },
      {
        "text": "4",
        "alias": "quantity",
        "meta": "@sys.number",
        "userDefined": true
      }
    ],
    "isTemplate": false,
    "count": 0,
    "updated": 0
  },
  {
    "id": "fa7e0ff4-975d-4e7f-bbd1-91e1fc6813fb",
    "data": [
      {
        "text": "I want to buy only ",
        "userDefined": false
      },
      {
        "text": "2",
        "alias": "quantity",
        "meta": "@sys.number",
        "userDefined": true
      },
      {
        "text": " ",
        "userDefined": false
      },
      {
        "text": "dairy",
        "alias": "tags",
        "meta": "@tag",
        "userDefined": true
      },
      {
        "text": " ",
        "userDefined": false
      },
      {
        "text": "milk",
        "meta": "@sys.ignore",
        "userDefined": true
      },
      {
        "text": " ",
        "userDefined": false
      },
      {
        "text": "silk",
        "alias": "tags",
        "meta": "@tag",
        "userDefined": true
      }
    ],
    "isTemplate": false,
    "count": 0,
    "updated": 0
  },
  {
    "id": "c61682ee-63e0-483f-bdcc-7e606387148a",
    "data": [
      {
        "text": "I think 2 packets of ",
        "userDefined": false
      },
      {
        "text": "Amul",
        "alias": "tags",
        "meta": "@tag",
        "userDefined": true
      },
      {
        "text": " would be sufficient",
        "userDefined": false
      }
    ],
    "isTemplate": false,
    "count": 0,
    "updated": 0
  },
  {
    "id": "b91490b6-1ef2-468f-bbf6-f097f81003cc",
    "data": [
      {
        "text": "I want just need ",
        "userDefined": false
      },
      {
        "text": "one",
        "alias": "quantity",
        "meta": "@sys.number",
        "userDefined": true
      },
      {
        "text": " packet of ",
        "userDefined": false
      },
      {
        "text": "lays",
        "alias": "tags",
        "meta": "@tag",
        "userDefined": true
      },
      {
        "text": " ",
        "userDefined": false
      },
      {
        "text": "chips",
        "alias": "tags",
        "meta": "@tag",
        "userDefined": true
      }
    ],
    "isTemplate": false,
    "count": 0,
    "updated": 0
  },
  {
    "id": "21c93339-c930-4106-972e-bd8f4338aa6d",
    "data": [
      {
        "text": "Change the quantity of ",
        "userDefined": false
      },
      {
        "text": "cocacola",
        "alias": "tags",
        "meta": "@tag",
        "userDefined": true
      },
      {
        "text": " to ",
        "userDefined": false
      },
      {
        "text": "3",
        "alias": "quantity",
        "meta": "@sys.number",
        "userDefined": false
      },
      {
        "text": " bottles",
        "userDefined": false
      }
    ],
    "isTemplate": false,
    "count": 0,
    "updated": 0
  }
]