[
  {
    "id": "211ff0fc-155f-453b-98ef-bb46377f3c95",
    "data": [
      {
        "text": "I wish to change the quantity of an item in my cart",
        "userDefined": false
      }
    ],
    "isTemplate": false,
    "count": 0,
    "updated": 0
  },
  {
    "id": "0ec5c8af-363a-4db1-8b8f-400496418661",
    "data": [
      {
        "text": "Modify the quantity to ",
        "userDefined": false
      },
      {
        "text": "4",
        "alias": "quantity",
        "meta": "@sys.number",
        "userDefined": true
      }
    ],
    "isTemplate": false,
    "count": 0,
    "updated": 0
  },
  {
    "id": "90f52b1c-b505-4f4b-945c-3a85e9624f04",
    "data": [
      {
        "text": "I want to buy only ",
        "userDefined": false
      },
      {
        "text": "2",
        "alias": "quantity",
        "meta": "@sys.number",
        "userDefined": true
      },
      {
        "text": " ",
        "userDefined": false
      },
      {
        "text": "dairy",
        "alias": "tags",
        "meta": "@tag",
        "userDefined": true
      },
      {
        "text": " ",
        "userDefined": false
      },
      {
        "text": "milk",
        "meta": "@sys.ignore",
        "userDefined": true
      },
      {
        "text": " ",
        "userDefined": false
      },
      {
        "text": "silk",
        "alias": "tags",
        "meta": "@tag",
        "userDefined": true
      }
    ],
    "isTemplate": false,
    "count": 0,
    "updated": 0
  },
  {
    "id": "da13fd11-3e37-42d1-8d1f-f3cf0c4eaf19",
    "data": [
      {
        "text": "I think 2 packets of ",
        "userDefined": false
      },
      {
        "text": "Amul",
        "alias": "tags",
        "meta": "@tag",
        "userDefined": true
      },
      {
        "text": " would be sufficient",
        "userDefined": false
      }
    ],
    "isTemplate": false,
    "count": 0,
    "updated": 0
  },
  {
    "id": "9ce669c9-3c33-49a8-b3c0-6a7a2a1e4f41",
    "data": [
      {
        "text": "I want just need ",
        "userDefined": false
      },
      {
        "text": "one",
        "alias": "quantity",
        "meta": "@sys.number",
        "userDefined": true
      },
      {
        "text": " packet of ",
        "userDefined": false
      },
      {
        "text": "lays",
        "alias": "tags",
        "meta": "@tag",
        "userDefined": true
      },
      {
        "text": " ",
        "userDefined": false
      },
      {
        "text": "chips",
        "alias": "tags",
        "meta": "@tag",
        "userDefined": true
      }
    ],
    "isTemplate": false,
    "count": 0,
    "updated": 0
  },
  {
    "id": "2a6813fe-e4f8-4401-a28a-20e23ef2e0e5",
    "data": [
      {
        "text": "Change the quantity of ",
        "userDefined": false
      },
      {
        "text": "cocacola",
        "alias": "tags",
        "meta": "@tag",
        "userDefined": true
      },
      {
        "text": " to ",
        "userDefined": false
      },
      {
        "text": "3",
        "alias": "quantity",
        "meta": "@sys.number",
        "userDefined": false
      },
      {
        "text": " bottles",
        "userDefined": false
      }
    ],
    "isTemplate": false,
    "count": 0,
    "updated": 0
  }
]