[
  {
    "id": "0016e0b6-b82f-4904-a568-5a9eb34e942b",
    "data": [
      {
        "text": "I think ",
        "userDefined": false
      },
      {
        "text": "two",
        "alias": "quantity",
        "meta": "@sys.number",
        "userDefined": false
      },
      {
        "text": " would be enough for my family",
        "userDefined": false
      }
    ],
    "isTemplate": false,
    "count": 0,
    "updated": 0
  },
  {
    "id": "b43ef61e-9c4b-4aa2-b3ca-534cfd4e1c49",
    "data": [
      {
        "text": "How about ",
        "userDefined": false
      },
      {
        "text": "6",
        "alias": "quantity",
        "meta": "@sys.number",
        "userDefined": false
      }
    ],
    "isTemplate": false,
    "count": 0,
    "updated": 0
  },
  {
    "id": "f056d0c9-807a-4988-86dd-b727750feb79",
    "data": [
      {
        "text": "I want ",
        "userDefined": false
      },
      {
        "text": "three",
        "alias": "quantity",
        "meta": "@sys.number",
        "userDefined": false
      },
      {
        "text": " of them",
        "userDefined": false
      }
    ],
    "isTemplate": false,
    "count": 0,
    "updated": 0
  },
  {
    "id": "557e81a3-b339-468c-8c05-6ea7cdcbc73e",
    "data": [
      {
        "text": "3",
        "alias": "quantity",
        "meta": "@sys.number",
        "userDefined": false
      }
    ],
    "isTemplate": false,
    "count": 0,
    "updated": 0
  },
  {
    "id": "1ebe92ef-db44-407b-bb30-2310ed5e134c",
    "data": [
      {
        "text": "four",
        "alias": "quantity",
        "meta": "@sys.number",
        "userDefined": false
      }
    ],
    "isTemplate": false,
    "count": 0,
    "updated": 0
  }
]