[
  {
    "id": "363d0c78-4b0b-4996-a27d-24d5a6081e8c",
    "data": [
      {
        "text": "I wish to change the quantity of an item in my cart",
        "userDefined": false
      }
    ],
    "isTemplate": false,
    "count": 0,
    "updated": 0
  },
  {
    "id": "65f1ec5d-c02e-430a-b108-1d9c88ec0778",
    "data": [
      {
        "text": "Modify the quantity to ",
        "userDefined": false
      },
      {
        "text": "4",
        "alias": "quantity",
        "meta": "@sys.number",
        "userDefined": true
      }
    ],
    "isTemplate": false,
    "count": 0,
    "updated": 0
  },
  {
    "id": "e43df265-4fa0-4765-aa57-4438a8a38edd",
    "data": [
      {
        "text": "I want to buy only ",
        "userDefined": false
      },
      {
        "text": "2",
        "alias": "quantity",
        "meta": "@sys.number",
        "userDefined": true
      },
      {
        "text": " ",
        "userDefined": false
      },
      {
        "text": "dairy",
        "alias": "tags",
        "meta": "@tag",
        "userDefined": true
      },
      {
        "text": " ",
        "userDefined": false
      },
      {
        "text": "milk",
        "meta": "@sys.ignore",
        "userDefined": true
      },
      {
        "text": " ",
        "userDefined": false
      },
      {
        "text": "silk",
        "alias": "tags",
        "meta": "@tag",
        "userDefined": true
      }
    ],
    "isTemplate": false,
    "count": 0,
    "updated": 0
  },
  {
    "id": "fdf2f0c0-7935-4497-9762-69c5653d0507",
    "data": [
      {
        "text": "I think 2 packets of ",
        "userDefined": false
      },
      {
        "text": "Amul",
        "alias": "tags",
        "meta": "@tag",
        "userDefined": true
      },
      {
        "text": " would be sufficient",
        "userDefined": false
      }
    ],
    "isTemplate": false,
    "count": 0,
    "updated": 0
  },
  {
    "id": "68f173db-2566-4495-b363-c05cdbb1071d",
    "data": [
      {
        "text": "I want just need ",
        "userDefined": false
      },
      {
        "text": "one",
        "alias": "quantity",
        "meta": "@sys.number",
        "userDefined": true
      },
      {
        "text": " packet of ",
        "userDefined": false
      },
      {
        "text": "lays",
        "alias": "tags",
        "meta": "@tag",
        "userDefined": true
      },
      {
        "text": " ",
        "userDefined": false
      },
      {
        "text": "chips",
        "alias": "tags",
        "meta": "@tag",
        "userDefined": true
      }
    ],
    "isTemplate": false,
    "count": 0,
    "updated": 0
  },
  {
    "id": "2542781a-9892-4b12-83f3-452789cc6547",
    "data": [
      {
        "text": "Change the quantity of ",
        "userDefined": false
      },
      {
        "text": "cocacola",
        "alias": "tags",
        "meta": "@tag",
        "userDefined": true
      },
      {
        "text": " to ",
        "userDefined": false
      },
      {
        "text": "3",
        "alias": "quantity",
        "meta": "@sys.number",
        "userDefined": false
      },
      {
        "text": " bottles",
        "userDefined": false
      }
    ],
    "isTemplate": false,
    "count": 0,
    "updated": 0
  }
]