[
  {
    "id": "afc703a6-d287-4ab1-8b27-65902281e59a",
    "data": [
      {
        "text": "clear cart",
        "userDefined": false
      }
    ],
    "isTemplate": false,
    "count": 0,
    "updated": 0
  },
  {
    "id": "ae4f1fdb-7d61-4ab0-97d5-d2c2a178cd6d",
    "data": [
      {
        "text": "I don\u0027t want anything in my cart",
        "userDefined": false
      }
    ],
    "isTemplate": false,
    "count": 0,
    "updated": 0
  },
  {
    "id": "aead8545-315d-4f1c-9806-e486f82dc307",
    "data": [
      {
        "text": "clear all  products from my cart",
        "userDefined": false
      }
    ],
    "isTemplate": false,
    "count": 0,
    "updated": 0
  },
  {
    "id": "f5ce469b-d1a9-4f4e-907e-de011933da68",
    "data": [
      {
        "text": "Delete everything from my cart",
        "userDefined": false
      }
    ],
    "isTemplate": false,
    "count": 0,
    "updated": 0
  },
  {
    "id": "2022210d-e7ea-41a2-8047-429db6e6cf49",
    "data": [
      {
        "text": "empty up my cart",
        "userDefined": false
      }
    ],
    "isTemplate": false,
    "count": 0,
    "updated": 0
  },
  {
    "id": "05976b44-1ee6-4eda-afaa-b3ead674f4d9",
    "data": [
      {
        "text": "Remove all items from my cart\u0027",
        "userDefined": false
      }
    ],
    "isTemplate": false,
    "count": 0,
    "updated": 0
  }
]