[
  {
    "id": "1c5e2b7c-3c70-42b8-b549-445f0add7b9e",
    "data": [
      {
        "text": "Get me the items in my cart",
        "userDefined": false
      }
    ],
    "isTemplate": false,
    "count": 0,
    "updated": 0
  },
  {
    "id": "fba76106-3ec5-48ae-8755-209023fd6f47",
    "data": [
      {
        "text": "Modify products in the cart",
        "userDefined": false
      }
    ],
    "isTemplate": false,
    "count": 0,
    "updated": 0
  },
  {
    "id": "98286f28-46e0-4879-9be8-f6814136d85a",
    "data": [
      {
        "text": "How much is the order total",
        "userDefined": false
      }
    ],
    "isTemplate": false,
    "count": 0,
    "updated": 0
  },
  {
    "id": "0c2aa6e8-dcf1-4019-9a27-628bcfab32e3",
    "data": [
      {
        "text": "Display my shopping list",
        "userDefined": false
      }
    ],
    "isTemplate": false,
    "count": 0,
    "updated": 0
  },
  {
    "id": "e8f6221b-25e3-4323-a46f-d341533f1c9e",
    "data": [
      {
        "text": "What things I am buying",
        "userDefined": false
      }
    ],
    "isTemplate": false,
    "count": 0,
    "updated": 0
  },
  {
    "id": "20a99b68-58e7-4302-b5f7-a7beb699f117",
    "data": [
      {
        "text": "Show me my shopping bag",
        "userDefined": false
      }
    ],
    "isTemplate": false,
    "count": 0,
    "updated": 0
  },
  {
    "id": "7d6f4405-6b06-4a4b-8b60-07e22fb121f9",
    "data": [
      {
        "text": "What\u0027s on my cart",
        "userDefined": false
      }
    ],
    "isTemplate": false,
    "count": 0,
    "updated": 0
  }
]