[
  {
    "id": "887314b6-d420-4a45-b0dd-227e52edcc89",
    "data": [
      {
        "text": "Get me the items in my cart",
        "userDefined": false
      }
    ],
    "isTemplate": false,
    "count": 0,
    "updated": 0
  },
  {
    "id": "fedffe48-2be8-4140-8e9c-520d84c59446",
    "data": [
      {
        "text": "Modify products in the cart",
        "userDefined": false
      }
    ],
    "isTemplate": false,
    "count": 0,
    "updated": 0
  },
  {
    "id": "2e5de367-a3a7-4f3f-aace-d612ec5488f8",
    "data": [
      {
        "text": "How much is the order total",
        "userDefined": false
      }
    ],
    "isTemplate": false,
    "count": 0,
    "updated": 0
  },
  {
    "id": "ee8bad32-6e0a-4447-bb52-cfd4faffe27b",
    "data": [
      {
        "text": "Display my shopping list",
        "userDefined": false
      }
    ],
    "isTemplate": false,
    "count": 0,
    "updated": 0
  },
  {
    "id": "6c29e83f-e504-4f72-987c-814a4ef2bc6a",
    "data": [
      {
        "text": "What things I am buying",
        "userDefined": false
      }
    ],
    "isTemplate": false,
    "count": 0,
    "updated": 0
  },
  {
    "id": "9cb3cf4b-5922-4231-a2fa-c789afde65ae",
    "data": [
      {
        "text": "Show me my shopping bag",
        "userDefined": false
      }
    ],
    "isTemplate": false,
    "count": 0,
    "updated": 0
  },
  {
    "id": "aca60b9d-3037-4d01-a111-e788d9ba3ef7",
    "data": [
      {
        "text": "What\u0027s on my cart",
        "userDefined": false
      }
    ],
    "isTemplate": false,
    "count": 0,
    "updated": 0
  }
]