[
  {
    "id": "b859b7ef-0ece-4f80-8083-8ff35037ff9f",
    "data": [
      {
        "text": "Add ",
        "userDefined": false
      },
      {
        "text": "4",
        "alias": "newQuantity",
        "meta": "@sys.number",
        "userDefined": false
      },
      {
        "text": " of these",
        "userDefined": false
      }
    ],
    "isTemplate": false,
    "count": 0,
    "updated": 0
  },
  {
    "id": "0576eae8-d270-4071-a778-7c06594d37e8",
    "data": [
      {
        "text": "Yeah I want ",
        "userDefined": false
      },
      {
        "text": "3",
        "alias": "newQuantity",
        "meta": "@sys.number",
        "userDefined": false
      },
      {
        "text": " of these",
        "userDefined": false
      }
    ],
    "isTemplate": false,
    "count": 0,
    "updated": 0
  },
  {
    "id": "b1e18838-672a-4946-8809-cf06625fb080",
    "data": [
      {
        "text": "Please add nine items to my cart",
        "userDefined": false
      }
    ],
    "isTemplate": false,
    "count": 0,
    "updated": 0
  },
  {
    "id": "066752b3-d8f5-49ea-9000-43425773104c",
    "data": [
      {
        "text": "Great, I need ",
        "userDefined": false
      },
      {
        "text": "2",
        "alias": "newQuantity",
        "meta": "@sys.number",
        "userDefined": false
      },
      {
        "text": " such items",
        "userDefined": false
      }
    ],
    "isTemplate": false,
    "count": 0,
    "updated": 0
  },
  {
    "id": "9faea7ff-f1e2-4423-866a-574c6a6768e6",
    "data": [
      {
        "text": "No, I require ",
        "userDefined": false
      },
      {
        "text": "6",
        "alias": "newQuantity",
        "meta": "@sys.number",
        "userDefined": false
      }
    ],
    "isTemplate": false,
    "count": 0,
    "updated": 0
  },
  {
    "id": "abaa427e-b6b7-43d3-8792-8b8720bfd1f0",
    "data": [
      {
        "text": "yes I want ",
        "userDefined": false
      },
      {
        "text": "five",
        "alias": "newQuantity",
        "meta": "@sys.number",
        "userDefined": false
      },
      {
        "text": " ",
        "userDefined": false
      },
      {
        "text": "cocacola",
        "alias": "tag",
        "meta": "@tag",
        "userDefined": false
      }
    ],
    "isTemplate": false,
    "count": 0,
    "updated": 0
  },
  {
    "id": "ac2b3a60-b395-449e-9b4a-72c3fbedf87a",
    "data": [
      {
        "text": "yeah ",
        "userDefined": false
      },
      {
        "text": "3",
        "alias": "newQuantity",
        "meta": "@sys.number",
        "userDefined": false
      },
      {
        "text": " in quantity",
        "userDefined": false
      }
    ],
    "isTemplate": false,
    "count": 0,
    "updated": 0
  },
  {
    "id": "efae9e9e-0177-4969-9dc2-1b0f063bca34",
    "data": [
      {
        "text": "yes I need ",
        "userDefined": false
      },
      {
        "text": "3",
        "alias": "newQuantity",
        "meta": "@sys.number",
        "userDefined": false
      }
    ],
    "isTemplate": false,
    "count": 0,
    "updated": 0
  }
]