[
  {
    "id": "694ef839-cb30-4f3e-9159-33795592d41c",
    "data": [
      {
        "text": "Add ",
        "userDefined": false
      },
      {
        "text": "4",
        "alias": "newQuantity",
        "meta": "@sys.number",
        "userDefined": false
      },
      {
        "text": " of these",
        "userDefined": false
      }
    ],
    "isTemplate": false,
    "count": 0,
    "updated": 0
  },
  {
    "id": "5e37ee55-843b-4a0a-bd15-653539182ed2",
    "data": [
      {
        "text": "Yeah I want ",
        "userDefined": false
      },
      {
        "text": "3",
        "alias": "newQuantity",
        "meta": "@sys.number",
        "userDefined": false
      },
      {
        "text": " of these",
        "userDefined": false
      }
    ],
    "isTemplate": false,
    "count": 0,
    "updated": 0
  },
  {
    "id": "36de92cb-c7d2-4bf8-9bf3-b3fa3aacce47",
    "data": [
      {
        "text": "Please add nine items to my cart",
        "userDefined": false
      }
    ],
    "isTemplate": false,
    "count": 0,
    "updated": 0
  },
  {
    "id": "2bb72003-81ea-45aa-ba34-252447c7a4e2",
    "data": [
      {
        "text": "Great, I need ",
        "userDefined": false
      },
      {
        "text": "2",
        "alias": "newQuantity",
        "meta": "@sys.number",
        "userDefined": false
      },
      {
        "text": " such items",
        "userDefined": false
      }
    ],
    "isTemplate": false,
    "count": 0,
    "updated": 0
  },
  {
    "id": "f67c6618-b1ba-4ea3-8966-bb8fcaa0e71b",
    "data": [
      {
        "text": "No, I require ",
        "userDefined": false
      },
      {
        "text": "6",
        "alias": "newQuantity",
        "meta": "@sys.number",
        "userDefined": false
      }
    ],
    "isTemplate": false,
    "count": 0,
    "updated": 0
  },
  {
    "id": "8da4beba-ac9e-4652-ad53-42ffc5fb1c3c",
    "data": [
      {
        "text": "yes I want ",
        "userDefined": false
      },
      {
        "text": "five",
        "alias": "newQuantity",
        "meta": "@sys.number",
        "userDefined": false
      },
      {
        "text": " ",
        "userDefined": false
      },
      {
        "text": "cocacola",
        "alias": "tag",
        "meta": "@tag",
        "userDefined": false
      }
    ],
    "isTemplate": false,
    "count": 0,
    "updated": 0
  },
  {
    "id": "1359c38b-7c6a-48a3-b94a-3b412e2a6d1b",
    "data": [
      {
        "text": "yeah ",
        "userDefined": false
      },
      {
        "text": "3",
        "alias": "newQuantity",
        "meta": "@sys.number",
        "userDefined": false
      },
      {
        "text": " in quantity",
        "userDefined": false
      }
    ],
    "isTemplate": false,
    "count": 0,
    "updated": 0
  },
  {
    "id": "d94bfe92-3760-44dd-9db0-e15be7099551",
    "data": [
      {
        "text": "yes I need ",
        "userDefined": false
      },
      {
        "text": "3",
        "alias": "newQuantity",
        "meta": "@sys.number",
        "userDefined": false
      }
    ],
    "isTemplate": false,
    "count": 0,
    "updated": 0
  }
]