[
  {
    "id": "57f6735a-04bb-4dfc-8f31-d2de6ae321ab",
    "data": [
      {
        "text": "I am looking for refrigerator",
        "userDefined": false
      }
    ],
    "isTemplate": false,
    "count": 1,
    "updated": 0
  },
  {
    "id": "cd56379a-2a06-410c-bf71-e0bcea2633d0",
    "data": [
      {
        "text": "I want to buy a refrigerator",
        "userDefined": false
      }
    ],
    "isTemplate": false,
    "count": 1,
    "updated": 0
  },
  {
    "id": "9f70e45e-52e8-4abf-b8fe-cc46b0296cbb",
    "data": [
      {
        "text": "I want to buy a ",
        "userDefined": false
      },
      {
        "text": "refrigerator",
        "alias": "tags",
        "meta": "@tag",
        "userDefined": true
      }
    ],
    "isTemplate": false,
    "count": 0,
    "updated": 0
  },
  {
    "id": "5de750c6-16f6-4901-b4ae-0f005af1d0fd",
    "data": [
      {
        "text": "I am looking for ",
        "userDefined": false
      },
      {
        "text": "refrigerator",
        "alias": "tags",
        "meta": "@tag",
        "userDefined": true
      }
    ],
    "isTemplate": false,
    "count": 0,
    "updated": 0
  },
  {
    "id": "b95bb109-b4d4-4d0d-96f9-9af166a4d05a",
    "data": [
      {
        "text": "i want to buy pen drive",
        "userDefined": false
      }
    ],
    "isTemplate": false,
    "count": 0,
    "updated": 0
  },
  {
    "id": "907f0c6b-e4d6-4dc8-93c0-6025d36ca080",
    "data": [
      {
        "text": "i want to buy pendrive",
        "userDefined": false
      }
    ],
    "isTemplate": false,
    "count": 0,
    "updated": 0
  },
  {
    "id": "9cfd7649-1781-41e9-8b21-82e2191e971a",
    "data": [
      {
        "text": "things that you have below ",
        "userDefined": false
      },
      {
        "text": "30 thousand",
        "alias": "priceHigh",
        "meta": "@sys.number",
        "userDefined": false
      }
    ],
    "isTemplate": false,
    "count": 0,
    "updated": 0
  },
  {
    "id": "57533b1a-6081-4995-a92b-f66e9027286f",
    "data": [
      {
        "text": "do you sell mobile phones",
        "userDefined": false
      }
    ],
    "isTemplate": false,
    "count": 1,
    "updated": 0
  },
  {
    "id": "c5353c2f-600f-467d-8a8f-58f327a3bc62",
    "data": [
      {
        "text": "Cooler",
        "userDefined": false
      }
    ],
    "isTemplate": false,
    "count": 0,
    "updated": 0
  },
  {
    "id": "1c09c4e7-c875-47f2-9ddb-1417b03b2925",
    "data": [
      {
        "text": "Bulb",
        "userDefined": false
      }
    ],
    "isTemplate": false,
    "count": 0,
    "updated": 0
  },
  {
    "id": "5f028802-6e8e-4ba2-9b82-85be8b946c8b",
    "data": [
      {
        "text": "Find me ",
        "userDefined": false
      },
      {
        "text": "a",
        "alias": "quantity",
        "meta": "@sys.number",
        "userDefined": false
      },
      {
        "text": " ",
        "userDefined": false
      },
      {
        "text": "television",
        "alias": "tags",
        "meta": "@tag",
        "userDefined": false
      },
      {
        "text": " that costs less than ",
        "userDefined": false
      },
      {
        "text": "15 thousand",
        "alias": "priceHigh",
        "meta": "@sys.number",
        "userDefined": false
      }
    ],
    "isTemplate": false,
    "count": 0,
    "updated": 0
  },
  {
    "id": "cce288ba-8e97-44a7-b1cc-d39ed1bf15b1",
    "data": [
      {
        "text": "I am looking for a cheap ",
        "userDefined": false
      },
      {
        "text": "ac",
        "alias": "tags",
        "meta": "@tag",
        "userDefined": false
      },
      {
        "text": " under ",
        "userDefined": false
      },
      {
        "text": "25000",
        "alias": "priceHigh",
        "meta": "@sys.number",
        "userDefined": true
      },
      {
        "text": " rupees",
        "userDefined": false
      }
    ],
    "isTemplate": false,
    "count": 0,
    "updated": 0
  },
  {
    "id": "647c586b-d5be-43d2-92bb-8ce582d16bef",
    "data": [
      {
        "text": "I am looking for good quality ",
        "userDefined": false
      },
      {
        "text": "fridge",
        "alias": "tags",
        "meta": "@tag",
        "userDefined": true
      },
      {
        "text": " with minimum prize",
        "userDefined": false
      }
    ],
    "isTemplate": false,
    "count": 1,
    "updated": 0
  },
  {
    "id": "8546a51a-283a-45b2-81f5-dc2ee402571b",
    "data": [
      {
        "text": "wrist watch",
        "userDefined": false
      }
    ],
    "isTemplate": false,
    "count": 0,
    "updated": 0
  },
  {
    "id": "f7041c35-7907-4731-8d09-fecf96cee169",
    "data": [
      {
        "text": "half tshirts with round neck",
        "userDefined": false
      }
    ],
    "isTemplate": false,
    "count": 0,
    "updated": 0
  },
  {
    "id": "e442e3ba-2e20-4f84-885d-36a6d47089d6",
    "data": [
      {
        "text": "half tshirts",
        "userDefined": false
      }
    ],
    "isTemplate": false,
    "count": 0,
    "updated": 0
  },
  {
    "id": "1e7fadc4-ec88-4f14-991d-5924d98b5eae",
    "data": [
      {
        "text": "do you have A4 sheets",
        "userDefined": false
      }
    ],
    "isTemplate": false,
    "count": 0,
    "updated": 0
  },
  {
    "id": "acaf8775-e55c-48eb-b168-6836f8a03140",
    "data": [
      {
        "text": "ac",
        "alias": "tags",
        "meta": "@tag",
        "userDefined": false
      }
    ],
    "isTemplate": false,
    "count": 0,
    "updated": 0
  },
  {
    "id": "4ebb9b05-cc60-4450-b94c-ae11d91f0d5f",
    "data": [
      {
        "text": "television",
        "alias": "tags",
        "meta": "@tag",
        "userDefined": false
      }
    ],
    "isTemplate": false,
    "count": 0,
    "updated": 0
  },
  {
    "id": "7f117ebe-fb19-42d9-8e04-a30468621f71",
    "data": [
      {
        "text": "Do you have ",
        "userDefined": false
      },
      {
        "text": "refrigerators",
        "alias": "tags",
        "meta": "@tag",
        "userDefined": true
      }
    ],
    "isTemplate": false,
    "count": 0,
    "updated": 0
  },
  {
    "id": "f67e28e1-6e8f-498c-ac76-5fa1f1c1b691",
    "data": [
      {
        "text": "show me ",
        "userDefined": false
      },
      {
        "text": "tvs",
        "alias": "tags",
        "meta": "@tag",
        "userDefined": true
      }
    ],
    "isTemplate": false,
    "count": 0,
    "updated": 0
  },
  {
    "id": "efd6f580-ee44-4d35-ad9f-54268b40be81",
    "data": [
      {
        "text": "show me ",
        "userDefined": false
      },
      {
        "text": "tv",
        "alias": "tags",
        "meta": "@tag",
        "userDefined": false
      }
    ],
    "isTemplate": false,
    "count": 0,
    "updated": 0
  },
  {
    "id": "6415d17a-24c7-4111-92ce-5d86c6ac978b",
    "data": [
      {
        "text": "Can you give me ",
        "userDefined": false
      },
      {
        "text": "three",
        "alias": "quantity",
        "meta": "@sys.number",
        "userDefined": false
      },
      {
        "text": " ",
        "userDefined": false
      },
      {
        "text": "dairy",
        "alias": "tags",
        "meta": "@tag",
        "userDefined": false
      },
      {
        "text": " ",
        "userDefined": false
      },
      {
        "text": "milk",
        "alias": "tags",
        "meta": "@tag",
        "userDefined": false
      },
      {
        "text": " ",
        "userDefined": false
      },
      {
        "text": "silk",
        "alias": "tags",
        "meta": "@tag",
        "userDefined": false
      }
    ],
    "isTemplate": false,
    "count": 0,
    "updated": 0
  },
  {
    "id": "a714dd65-a77b-4570-b820-51a5cd941018",
    "data": [
      {
        "text": "Is ",
        "userDefined": false
      },
      {
        "text": "cocacola",
        "alias": "tags",
        "meta": "@tag",
        "userDefined": false
      },
      {
        "text": " in stock right now?",
        "userDefined": false
      }
    ],
    "isTemplate": false,
    "count": 0,
    "updated": 0
  },
  {
    "id": "ba64a5a7-3e65-4e01-92a2-136c1140c161",
    "data": [
      {
        "text": "Do you sell ",
        "userDefined": false
      },
      {
        "text": "dairy",
        "alias": "tags",
        "meta": "@tag",
        "userDefined": false
      },
      {
        "text": " ",
        "userDefined": false
      },
      {
        "text": "milk",
        "alias": "tags",
        "meta": "@tag",
        "userDefined": false
      },
      {
        "text": " ",
        "userDefined": false
      },
      {
        "text": "chocolates",
        "alias": "tags",
        "meta": "@tag",
        "userDefined": false
      }
    ],
    "isTemplate": false,
    "count": 0,
    "updated": 0
  },
  {
    "id": "abb253a4-2b31-407a-bc9b-276b9a44546c",
    "data": [
      {
        "text": "Yes I want ",
        "userDefined": false
      },
      {
        "text": "amul",
        "alias": "tags",
        "meta": "@tag",
        "userDefined": true
      },
      {
        "text": " ",
        "userDefined": false
      },
      {
        "text": "1liter",
        "alias": "tags",
        "meta": "@tag",
        "userDefined": false
      },
      {
        "text": " ",
        "userDefined": false
      },
      {
        "text": "milk",
        "alias": "tags",
        "meta": "@tag",
        "userDefined": false
      },
      {
        "text": " instead",
        "userDefined": false
      }
    ],
    "isTemplate": false,
    "count": 0,
    "updated": 0
  },
  {
    "id": "8a9acc67-a7e9-4669-9fe5-4640a1cdb4dc",
    "data": [
      {
        "text": "We are looking for ",
        "userDefined": false
      },
      {
        "text": "sprite",
        "alias": "tags",
        "meta": "@tag",
        "userDefined": false
      },
      {
        "text": " bottles",
        "userDefined": false
      }
    ],
    "isTemplate": false,
    "count": 0,
    "updated": 0
  },
  {
    "id": "20a66e62-3d12-49ab-aa88-65cc0d64d4c3",
    "data": [
      {
        "text": "Add ",
        "userDefined": false
      },
      {
        "text": "two",
        "alias": "quantity",
        "meta": "@sys.number",
        "userDefined": false
      },
      {
        "text": " ",
        "userDefined": false
      },
      {
        "text": "kitkats",
        "alias": "tags",
        "meta": "@tag",
        "userDefined": false
      },
      {
        "text": " to my cart\u0027",
        "userDefined": false
      }
    ],
    "isTemplate": false,
    "count": 0,
    "updated": 0
  },
  {
    "id": "14899784-7d82-400e-9a7d-4bdbb9f5d8ad",
    "data": [
      {
        "text": "Show me ",
        "userDefined": false
      },
      {
        "text": "dairy",
        "alias": "tags",
        "meta": "@tag",
        "userDefined": true
      },
      {
        "text": " ",
        "userDefined": false
      },
      {
        "text": "milk",
        "alias": "tags",
        "meta": "@tag",
        "userDefined": false
      },
      {
        "text": " ",
        "userDefined": false
      },
      {
        "text": "chocolates",
        "alias": "tags",
        "meta": "@tag",
        "userDefined": false
      }
    ],
    "isTemplate": false,
    "count": 0,
    "updated": 0
  },
  {
    "id": "1090ff8c-0e8d-48ae-86d9-45d58d56a759",
    "data": [
      {
        "text": "Please order ",
        "userDefined": false
      },
      {
        "text": "cold drink",
        "alias": "tags",
        "meta": "@tag",
        "userDefined": false
      },
      {
        "text": " for for me",
        "userDefined": false
      }
    ],
    "isTemplate": false,
    "count": 0,
    "updated": 0
  },
  {
    "id": "4c7269cc-ccb5-408c-bde6-97455b527164",
    "data": [
      {
        "text": "Find me some awesome ",
        "userDefined": false
      },
      {
        "text": "chocolates",
        "alias": "tags",
        "meta": "@tag",
        "userDefined": false
      }
    ],
    "isTemplate": false,
    "count": 0,
    "updated": 0
  },
  {
    "id": "b8ddc197-aefb-463f-a477-64e88c8a0c02",
    "data": [
      {
        "text": "I want to buy ",
        "userDefined": false
      },
      {
        "text": "milk",
        "alias": "tags",
        "meta": "@tag",
        "userDefined": false
      }
    ],
    "isTemplate": false,
    "count": 0,
    "updated": 0
  }
]