[
  {
    "id": "f0483a8a-9f27-4c12-abc9-978030208a46",
    "data": [
      {
        "text": "What things are available at your store?",
        "userDefined": false
      }
    ],
    "isTemplate": false,
    "count": 0,
    "updated": 0
  },
  {
    "id": "ee6a17a6-bc0f-4b48-8557-813740a350c4",
    "data": [
      {
        "text": "Show me category of items",
        "userDefined": false
      }
    ],
    "isTemplate": false,
    "count": 0,
    "updated": 0
  },
  {
    "id": "a5cc9b35-e6ab-4ceb-a4c9-f66ddf835d0f",
    "data": [
      {
        "text": "I am looking to buy something",
        "userDefined": false
      }
    ],
    "isTemplate": false,
    "count": 0,
    "updated": 0
  },
  {
    "id": "b1e857c1-ef38-4e6b-a1b7-cdd008f57f0e",
    "data": [
      {
        "text": "What items do you sell?",
        "userDefined": false
      }
    ],
    "isTemplate": false,
    "count": 0,
    "updated": 0
  }
]