[
  {
    "id": "d1af0b8e-5384-4b9c-8331-fe506b277ea2",
    "data": [
      {
        "text": "what do you have",
        "userDefined": false
      }
    ],
    "isTemplate": false,
    "count": 0,
    "updated": 0
  },
  {
    "id": "202b6773-bf20-4638-89e0-1092328c912a",
    "data": [
      {
        "text": "what can I buy",
        "userDefined": false
      }
    ],
    "isTemplate": false,
    "count": 0,
    "updated": 0
  },
  {
    "id": "a93e908f-f7a5-4ce9-9396-b7f48d840a90",
    "data": [
      {
        "text": "what can I buy from you",
        "userDefined": false
      }
    ],
    "isTemplate": false,
    "count": 0,
    "updated": 0
  },
  {
    "id": "cd5b055a-c0e2-4bc3-9d7a-3fa40552ce97",
    "data": [
      {
        "text": "Please search new devices",
        "userDefined": false
      }
    ],
    "isTemplate": false,
    "count": 0,
    "updated": 0
  },
  {
    "id": "2c7d246b-d57a-4eb8-b9e4-72019ccc1a18",
    "data": [
      {
        "text": "can i get product list",
        "userDefined": false
      }
    ],
    "isTemplate": false,
    "count": 1,
    "updated": 0
  },
  {
    "id": "841dab23-c13d-4450-bcea-48cf50da70fa",
    "data": [
      {
        "text": "display the items",
        "userDefined": false
      }
    ],
    "isTemplate": false,
    "count": 0,
    "updated": 0
  },
  {
    "id": "5d3825b2-495e-4136-96c1-175a55ee6573",
    "data": [
      {
        "text": "show me your catalogue",
        "userDefined": false
      }
    ],
    "isTemplate": false,
    "count": 0,
    "updated": 0
  },
  {
    "id": "3510d7fd-6a8f-4524-b8cb-7d99a1f0ea29",
    "data": [
      {
        "text": "Can i get product list",
        "userDefined": false
      }
    ],
    "isTemplate": false,
    "count": 0,
    "updated": 0
  },
  {
    "id": "1185fdf5-a56d-4b81-a44d-c8db6072683e",
    "data": [
      {
        "text": "What things are available at your store?",
        "userDefined": false
      }
    ],
    "isTemplate": false,
    "count": 0,
    "updated": 0
  },
  {
    "id": "5a886e8d-9f3c-4663-ab15-6fc31f4e8135",
    "data": [
      {
        "text": "Show me category of items",
        "userDefined": false
      }
    ],
    "isTemplate": false,
    "count": 0,
    "updated": 0
  },
  {
    "id": "c87f54f8-a46f-4e56-ad41-ab536f850be9",
    "data": [
      {
        "text": "I am looking to buy something",
        "userDefined": false
      }
    ],
    "isTemplate": false,
    "count": 0,
    "updated": 0
  },
  {
    "id": "9970da86-8bda-48e4-8c2e-7e321cbebdd9",
    "data": [
      {
        "text": "What items do you sell?",
        "userDefined": false
      }
    ],
    "isTemplate": false,
    "count": 0,
    "updated": 0
  }
]