[
  {
    "id": "77b94952-7d52-402c-a63e-db030d028b42",
    "data": [
      {
        "text": "Add ",
        "userDefined": false
      },
      {
        "text": "4",
        "alias": "newQuantity",
        "meta": "@sys.number",
        "userDefined": false
      },
      {
        "text": " of these",
        "userDefined": false
      }
    ],
    "isTemplate": false,
    "count": 0,
    "updated": 0
  },
  {
    "id": "18fc51f7-c05f-48aa-bfc0-f10bb10d5cf1",
    "data": [
      {
        "text": "Yeah I want ",
        "userDefined": false
      },
      {
        "text": "3",
        "alias": "newQuantity",
        "meta": "@sys.number",
        "userDefined": false
      },
      {
        "text": " of these",
        "userDefined": false
      }
    ],
    "isTemplate": false,
    "count": 0,
    "updated": 0
  },
  {
    "id": "d0c8f025-7965-493c-8e53-936d76ca485e",
    "data": [
      {
        "text": "Please add nine items to my cart",
        "userDefined": false
      }
    ],
    "isTemplate": false,
    "count": 0,
    "updated": 0
  },
  {
    "id": "608dda0f-d82f-4ebc-bb76-97721f68057b",
    "data": [
      {
        "text": "Great, I need ",
        "userDefined": false
      },
      {
        "text": "2",
        "alias": "newQuantity",
        "meta": "@sys.number",
        "userDefined": false
      },
      {
        "text": " such items",
        "userDefined": false
      }
    ],
    "isTemplate": false,
    "count": 0,
    "updated": 0
  },
  {
    "id": "75c9cbd2-1fc4-45f0-a89f-0e37f67a8ece",
    "data": [
      {
        "text": "No, I require ",
        "userDefined": false
      },
      {
        "text": "6",
        "alias": "newQuantity",
        "meta": "@sys.number",
        "userDefined": false
      }
    ],
    "isTemplate": false,
    "count": 0,
    "updated": 0
  },
  {
    "id": "9ec5e1f5-17fc-460c-a7a7-6bfb9e91b941",
    "data": [
      {
        "text": "yes I want ",
        "userDefined": false
      },
      {
        "text": "five",
        "alias": "newQuantity",
        "meta": "@sys.number",
        "userDefined": false
      },
      {
        "text": " ",
        "userDefined": false
      },
      {
        "text": "cocacola",
        "alias": "tag",
        "meta": "@tag",
        "userDefined": false
      }
    ],
    "isTemplate": false,
    "count": 0,
    "updated": 0
  },
  {
    "id": "d55356ba-0d12-48f9-ab33-cbb310a24dd8",
    "data": [
      {
        "text": "yeah ",
        "userDefined": false
      },
      {
        "text": "3",
        "alias": "newQuantity",
        "meta": "@sys.number",
        "userDefined": false
      },
      {
        "text": " in quantity",
        "userDefined": false
      }
    ],
    "isTemplate": false,
    "count": 0,
    "updated": 0
  },
  {
    "id": "53ed68e0-15dc-4da5-a5cf-17d6de5e5f66",
    "data": [
      {
        "text": "yes I need ",
        "userDefined": false
      },
      {
        "text": "3",
        "alias": "newQuantity",
        "meta": "@sys.number",
        "userDefined": false
      }
    ],
    "isTemplate": false,
    "count": 0,
    "updated": 0
  }
]