[
  {
    "id": "a1e54e94-dc48-41c9-9699-fd2ef170c6a0",
    "data": [
      {
        "text": "Find me ",
        "userDefined": false
      },
      {
        "text": "a",
        "alias": "quantity",
        "meta": "@sys.number",
        "userDefined": false
      },
      {
        "text": " ",
        "userDefined": false
      },
      {
        "text": "television",
        "alias": "tags",
        "meta": "@tag",
        "userDefined": false
      },
      {
        "text": " that costs less than ",
        "userDefined": false
      },
      {
        "text": "15 thousand",
        "alias": "priceHigh",
        "meta": "@sys.number",
        "userDefined": false
      }
    ],
    "isTemplate": false,
    "count": 0,
    "updated": 0
  },
  {
    "id": "edab90fc-ecfc-43e7-8b5d-c9f04e212d33",
    "data": [
      {
        "text": "I am looking for a cheap ",
        "userDefined": false
      },
      {
        "text": "ac",
        "alias": "tags",
        "meta": "@tag",
        "userDefined": false
      },
      {
        "text": " under ",
        "userDefined": false
      },
      {
        "text": "25000",
        "alias": "priceHigh",
        "meta": "@sys.number",
        "userDefined": true
      },
      {
        "text": " rupees",
        "userDefined": false
      }
    ],
    "isTemplate": false,
    "count": 0,
    "updated": 0
  },
  {
    "id": "6b5a83e1-a142-496b-92a2-9bf93b2c30f9",
    "data": [
      {
        "text": "I am looking for good quality ",
        "userDefined": false
      },
      {
        "text": "fridge",
        "alias": "tags",
        "meta": "@tag",
        "userDefined": true
      },
      {
        "text": " with minimum prize",
        "userDefined": false
      }
    ],
    "isTemplate": false,
    "count": 1,
    "updated": 0
  },
  {
    "id": "afdded2a-220d-477c-90e3-52a4dc8589d6",
    "data": [
      {
        "text": "wrist watch",
        "userDefined": false
      }
    ],
    "isTemplate": false,
    "count": 0,
    "updated": 0
  },
  {
    "id": "01229548-ffe2-4449-bf9a-1424f370bd02",
    "data": [
      {
        "text": "half tshirts with round neck",
        "userDefined": false
      }
    ],
    "isTemplate": false,
    "count": 0,
    "updated": 0
  },
  {
    "id": "e942f35f-8944-406b-93fe-38fadacbfa35",
    "data": [
      {
        "text": "half tshirts",
        "userDefined": false
      }
    ],
    "isTemplate": false,
    "count": 0,
    "updated": 0
  },
  {
    "id": "3e0b91a7-a1dd-40f6-92f0-311a60ce4c7a",
    "data": [
      {
        "text": "do you have A4 sheets",
        "userDefined": false
      }
    ],
    "isTemplate": false,
    "count": 0,
    "updated": 0
  },
  {
    "id": "b424269a-142a-485f-9382-1be6f4c5b124",
    "data": [
      {
        "text": "ac",
        "alias": "tags",
        "meta": "@tag",
        "userDefined": false
      }
    ],
    "isTemplate": false,
    "count": 0,
    "updated": 0
  },
  {
    "id": "16bdb6f2-66a0-41da-b590-5fbd7fe38bf5",
    "data": [
      {
        "text": "television",
        "alias": "tags",
        "meta": "@tag",
        "userDefined": false
      }
    ],
    "isTemplate": false,
    "count": 0,
    "updated": 0
  },
  {
    "id": "fb7d1bd0-3a5e-4b95-bdda-50447b6cc504",
    "data": [
      {
        "text": "Do you have ",
        "userDefined": false
      },
      {
        "text": "refrigerators",
        "alias": "tags",
        "meta": "@tag",
        "userDefined": true
      }
    ],
    "isTemplate": false,
    "count": 0,
    "updated": 0
  },
  {
    "id": "fe122253-62eb-4028-a3f9-27e558b5c8ff",
    "data": [
      {
        "text": "show me ",
        "userDefined": false
      },
      {
        "text": "tvs",
        "alias": "tags",
        "meta": "@tag",
        "userDefined": true
      }
    ],
    "isTemplate": false,
    "count": 0,
    "updated": 0
  },
  {
    "id": "979a4ff7-8c34-49c1-a4c0-025eaa036dee",
    "data": [
      {
        "text": "show me ",
        "userDefined": false
      },
      {
        "text": "tv",
        "alias": "tags",
        "meta": "@tag",
        "userDefined": false
      }
    ],
    "isTemplate": false,
    "count": 0,
    "updated": 0
  },
  {
    "id": "9c82814f-3e3f-41ec-94e3-860c4db8d293",
    "data": [
      {
        "text": "Can you give me ",
        "userDefined": false
      },
      {
        "text": "three",
        "alias": "quantity",
        "meta": "@sys.number",
        "userDefined": false
      },
      {
        "text": " ",
        "userDefined": false
      },
      {
        "text": "dairy",
        "alias": "tags",
        "meta": "@tag",
        "userDefined": false
      },
      {
        "text": " ",
        "userDefined": false
      },
      {
        "text": "milk",
        "alias": "tags",
        "meta": "@tag",
        "userDefined": false
      },
      {
        "text": " ",
        "userDefined": false
      },
      {
        "text": "silk",
        "alias": "tags",
        "meta": "@tag",
        "userDefined": false
      }
    ],
    "isTemplate": false,
    "count": 0,
    "updated": 0
  },
  {
    "id": "1206caeb-53ee-4d5d-89ce-fbfcdd8288b3",
    "data": [
      {
        "text": "Is ",
        "userDefined": false
      },
      {
        "text": "cocacola",
        "alias": "tags",
        "meta": "@tag",
        "userDefined": false
      },
      {
        "text": " in stock right now?",
        "userDefined": false
      }
    ],
    "isTemplate": false,
    "count": 0,
    "updated": 0
  },
  {
    "id": "bf5cac2c-f0d3-44b9-8f79-c0766b798c91",
    "data": [
      {
        "text": "Do you sell ",
        "userDefined": false
      },
      {
        "text": "dairy",
        "alias": "tags",
        "meta": "@tag",
        "userDefined": false
      },
      {
        "text": " ",
        "userDefined": false
      },
      {
        "text": "milk",
        "alias": "tags",
        "meta": "@tag",
        "userDefined": false
      },
      {
        "text": " ",
        "userDefined": false
      },
      {
        "text": "chocolates",
        "alias": "tags",
        "meta": "@tag",
        "userDefined": false
      }
    ],
    "isTemplate": false,
    "count": 0,
    "updated": 0
  },
  {
    "id": "541126d1-46e2-4e6e-aaa9-5a477a5d24da",
    "data": [
      {
        "text": "Yes I want ",
        "userDefined": false
      },
      {
        "text": "amul",
        "alias": "tags",
        "meta": "@tag",
        "userDefined": true
      },
      {
        "text": " ",
        "userDefined": false
      },
      {
        "text": "1liter",
        "alias": "tags",
        "meta": "@tag",
        "userDefined": false
      },
      {
        "text": " ",
        "userDefined": false
      },
      {
        "text": "milk",
        "alias": "tags",
        "meta": "@tag",
        "userDefined": false
      },
      {
        "text": " instead",
        "userDefined": false
      }
    ],
    "isTemplate": false,
    "count": 0,
    "updated": 0
  },
  {
    "id": "68d038cd-ac80-49b3-bd85-3608f4d1f25e",
    "data": [
      {
        "text": "We are looking for ",
        "userDefined": false
      },
      {
        "text": "sprite",
        "alias": "tags",
        "meta": "@tag",
        "userDefined": false
      },
      {
        "text": " bottles",
        "userDefined": false
      }
    ],
    "isTemplate": false,
    "count": 0,
    "updated": 0
  },
  {
    "id": "26bd195a-24eb-4482-bd32-8cc8195795ee",
    "data": [
      {
        "text": "Add ",
        "userDefined": false
      },
      {
        "text": "two",
        "alias": "quantity",
        "meta": "@sys.number",
        "userDefined": false
      },
      {
        "text": " ",
        "userDefined": false
      },
      {
        "text": "kitkats",
        "alias": "tags",
        "meta": "@tag",
        "userDefined": false
      },
      {
        "text": " to my cart\u0027",
        "userDefined": false
      }
    ],
    "isTemplate": false,
    "count": 0,
    "updated": 0
  },
  {
    "id": "013cc88c-ff9d-40e5-b700-d933f09395fc",
    "data": [
      {
        "text": "Show me ",
        "userDefined": false
      },
      {
        "text": "dairy",
        "alias": "tags",
        "meta": "@tag",
        "userDefined": true
      },
      {
        "text": " ",
        "userDefined": false
      },
      {
        "text": "milk",
        "alias": "tags",
        "meta": "@tag",
        "userDefined": false
      },
      {
        "text": " ",
        "userDefined": false
      },
      {
        "text": "chocolates",
        "alias": "tags",
        "meta": "@tag",
        "userDefined": false
      }
    ],
    "isTemplate": false,
    "count": 0,
    "updated": 0
  },
  {
    "id": "09b566ca-59b8-4ecc-992c-711f05b74dea",
    "data": [
      {
        "text": "Please order ",
        "userDefined": false
      },
      {
        "text": "cold drink",
        "alias": "tags",
        "meta": "@tag",
        "userDefined": false
      },
      {
        "text": " for for me",
        "userDefined": false
      }
    ],
    "isTemplate": false,
    "count": 0,
    "updated": 0
  },
  {
    "id": "31ac0c28-daba-4c5c-ae1a-6a54da3c16f4",
    "data": [
      {
        "text": "Find me some awesome ",
        "userDefined": false
      },
      {
        "text": "chocolates",
        "alias": "tags",
        "meta": "@tag",
        "userDefined": false
      }
    ],
    "isTemplate": false,
    "count": 0,
    "updated": 0
  },
  {
    "id": "f74dc316-0cbf-45ff-b87a-48bca4526a1b",
    "data": [
      {
        "text": "I want to buy ",
        "userDefined": false
      },
      {
        "text": "milk",
        "alias": "tags",
        "meta": "@tag",
        "userDefined": false
      }
    ],
    "isTemplate": false,
    "count": 0,
    "updated": 0
  }
]