[
  {
    "id": "383d69dd-8a5a-4f76-8311-9a279c2be293",
    "data": [
      {
        "text": "what do you have",
        "userDefined": false
      }
    ],
    "isTemplate": false,
    "count": 0,
    "updated": 0
  },
  {
    "id": "068eaf5e-18ea-4c4e-9edf-df3864b710bb",
    "data": [
      {
        "text": "what can I buy",
        "userDefined": false
      }
    ],
    "isTemplate": false,
    "count": 0,
    "updated": 0
  },
  {
    "id": "ec19512a-c212-42d6-8385-1a2ba76140c6",
    "data": [
      {
        "text": "what can I buy from you",
        "userDefined": false
      }
    ],
    "isTemplate": false,
    "count": 0,
    "updated": 0
  },
  {
    "id": "0c8e00a1-aa95-4cdd-9be9-b76a031587d9",
    "data": [
      {
        "text": "Please search new devices",
        "userDefined": false
      }
    ],
    "isTemplate": false,
    "count": 0,
    "updated": 0
  },
  {
    "id": "8418f5eb-41a9-42d4-af1d-7a5e12cd1d32",
    "data": [
      {
        "text": "can i get product list",
        "userDefined": false
      }
    ],
    "isTemplate": false,
    "count": 1,
    "updated": 0
  },
  {
    "id": "55e44fde-3f52-4f23-a421-b3f4d8e62df6",
    "data": [
      {
        "text": "display the items",
        "userDefined": false
      }
    ],
    "isTemplate": false,
    "count": 0,
    "updated": 0
  },
  {
    "id": "e9a2b162-1b2b-44f7-95ed-a6d14934cfeb",
    "data": [
      {
        "text": "show me your catalogue",
        "userDefined": false
      }
    ],
    "isTemplate": false,
    "count": 0,
    "updated": 0
  },
  {
    "id": "bf5b3241-7453-4200-9349-012421bab670",
    "data": [
      {
        "text": "Can i get product list",
        "userDefined": false
      }
    ],
    "isTemplate": false,
    "count": 0,
    "updated": 0
  },
  {
    "id": "69010963-9262-4232-80c7-ffa47bc99b0d",
    "data": [
      {
        "text": "What things are available at your store?",
        "userDefined": false
      }
    ],
    "isTemplate": false,
    "count": 0,
    "updated": 0
  },
  {
    "id": "73d4a905-1087-4ff6-b625-2f3712544e2b",
    "data": [
      {
        "text": "Show me category of items",
        "userDefined": false
      }
    ],
    "isTemplate": false,
    "count": 0,
    "updated": 0
  },
  {
    "id": "f75acb3a-2be6-4a3d-8d49-a33da1acafbd",
    "data": [
      {
        "text": "I am looking to buy something",
        "userDefined": false
      }
    ],
    "isTemplate": false,
    "count": 0,
    "updated": 0
  },
  {
    "id": "560cdbd9-0068-4f43-b105-d06a092bd805",
    "data": [
      {
        "text": "What items do you sell?",
        "userDefined": false
      }
    ],
    "isTemplate": false,
    "count": 0,
    "updated": 0
  }
]