[
  {
    "id": "dfe5efe9-2131-437a-9a20-001b96aaf898",
    "data": [
      {
        "text": "i want to buy pen drive",
        "userDefined": false
      }
    ],
    "isTemplate": false,
    "count": 0,
    "updated": 0
  },
  {
    "id": "d13b1f92-c037-4808-89ab-37fd81b334c3",
    "data": [
      {
        "text": "i want to buy pendrive",
        "userDefined": false
      }
    ],
    "isTemplate": false,
    "count": 0,
    "updated": 0
  },
  {
    "id": "f4efd23c-e1e7-43c5-b66a-e8f20716e132",
    "data": [
      {
        "text": "things that you have below ",
        "userDefined": false
      },
      {
        "text": "30 thousand",
        "alias": "priceHigh",
        "meta": "@sys.number",
        "userDefined": false
      }
    ],
    "isTemplate": false,
    "count": 0,
    "updated": 0
  },
  {
    "id": "c6b662ea-9c52-46e3-beca-84ea05aacc64",
    "data": [
      {
        "text": "do you sell mobile phones",
        "userDefined": false
      }
    ],
    "isTemplate": false,
    "count": 1,
    "updated": 0
  },
  {
    "id": "3a59a496-7ae3-4f45-ad20-14089ae88ade",
    "data": [
      {
        "text": "Cooler",
        "userDefined": false
      }
    ],
    "isTemplate": false,
    "count": 0,
    "updated": 0
  },
  {
    "id": "a4b54f47-11b8-4788-ad59-6bc6afb5128e",
    "data": [
      {
        "text": "Bulb",
        "userDefined": false
      }
    ],
    "isTemplate": false,
    "count": 0,
    "updated": 0
  },
  {
    "id": "fcd2b245-049a-450a-8262-2f0d2243bd78",
    "data": [
      {
        "text": "Find me ",
        "userDefined": false
      },
      {
        "text": "a",
        "alias": "quantity",
        "meta": "@sys.number",
        "userDefined": false
      },
      {
        "text": " ",
        "userDefined": false
      },
      {
        "text": "television",
        "alias": "tags",
        "meta": "@tag",
        "userDefined": false
      },
      {
        "text": " that costs less than ",
        "userDefined": false
      },
      {
        "text": "15 thousand",
        "alias": "priceHigh",
        "meta": "@sys.number",
        "userDefined": false
      }
    ],
    "isTemplate": false,
    "count": 0,
    "updated": 0
  },
  {
    "id": "645e0ba9-220e-4523-b5b0-8efaf8ffbf3a",
    "data": [
      {
        "text": "I am looking for a cheap ",
        "userDefined": false
      },
      {
        "text": "ac",
        "alias": "tags",
        "meta": "@tag",
        "userDefined": false
      },
      {
        "text": " under ",
        "userDefined": false
      },
      {
        "text": "25000",
        "alias": "priceHigh",
        "meta": "@sys.number",
        "userDefined": true
      },
      {
        "text": " rupees",
        "userDefined": false
      }
    ],
    "isTemplate": false,
    "count": 0,
    "updated": 0
  },
  {
    "id": "dff55647-1a8b-41f5-b16a-f4d5566a329a",
    "data": [
      {
        "text": "I am looking for good quality ",
        "userDefined": false
      },
      {
        "text": "fridge",
        "alias": "tags",
        "meta": "@tag",
        "userDefined": true
      },
      {
        "text": " with minimum prize",
        "userDefined": false
      }
    ],
    "isTemplate": false,
    "count": 1,
    "updated": 0
  },
  {
    "id": "9cada283-3f8d-4756-aea3-99b15df5a0ac",
    "data": [
      {
        "text": "wrist watch",
        "userDefined": false
      }
    ],
    "isTemplate": false,
    "count": 0,
    "updated": 0
  },
  {
    "id": "61001f3e-172d-4091-a802-0b8d867a210c",
    "data": [
      {
        "text": "half tshirts with round neck",
        "userDefined": false
      }
    ],
    "isTemplate": false,
    "count": 0,
    "updated": 0
  },
  {
    "id": "ed21f897-cd92-45bc-8c4c-212ea50830bf",
    "data": [
      {
        "text": "half tshirts",
        "userDefined": false
      }
    ],
    "isTemplate": false,
    "count": 0,
    "updated": 0
  },
  {
    "id": "11e331ce-f012-4e0c-9fe5-e9d3b24d6125",
    "data": [
      {
        "text": "do you have A4 sheets",
        "userDefined": false
      }
    ],
    "isTemplate": false,
    "count": 0,
    "updated": 0
  },
  {
    "id": "974965f7-6ac4-4a4a-a8f5-2f929eb07d11",
    "data": [
      {
        "text": "ac",
        "alias": "tags",
        "meta": "@tag",
        "userDefined": false
      }
    ],
    "isTemplate": false,
    "count": 0,
    "updated": 0
  },
  {
    "id": "5c54a8c4-8809-4c18-8080-910a436b7e99",
    "data": [
      {
        "text": "television",
        "alias": "tags",
        "meta": "@tag",
        "userDefined": false
      }
    ],
    "isTemplate": false,
    "count": 0,
    "updated": 0
  },
  {
    "id": "884de181-5b7c-4575-9543-d6855fc19966",
    "data": [
      {
        "text": "Do you have ",
        "userDefined": false
      },
      {
        "text": "refrigerators",
        "alias": "tags",
        "meta": "@tag",
        "userDefined": true
      }
    ],
    "isTemplate": false,
    "count": 0,
    "updated": 0
  },
  {
    "id": "2c11a210-5d23-4191-8b94-ef954c4056b7",
    "data": [
      {
        "text": "show me ",
        "userDefined": false
      },
      {
        "text": "tvs",
        "alias": "tags",
        "meta": "@tag",
        "userDefined": true
      }
    ],
    "isTemplate": false,
    "count": 0,
    "updated": 0
  },
  {
    "id": "b15e7fc8-40b0-438e-b435-1653c392a59c",
    "data": [
      {
        "text": "show me ",
        "userDefined": false
      },
      {
        "text": "tv",
        "alias": "tags",
        "meta": "@tag",
        "userDefined": false
      }
    ],
    "isTemplate": false,
    "count": 0,
    "updated": 0
  },
  {
    "id": "c3fb122a-3ae0-48b3-9071-bbbff584fd23",
    "data": [
      {
        "text": "Can you give me ",
        "userDefined": false
      },
      {
        "text": "three",
        "alias": "quantity",
        "meta": "@sys.number",
        "userDefined": false
      },
      {
        "text": " ",
        "userDefined": false
      },
      {
        "text": "dairy",
        "alias": "tags",
        "meta": "@tag",
        "userDefined": false
      },
      {
        "text": " ",
        "userDefined": false
      },
      {
        "text": "milk",
        "alias": "tags",
        "meta": "@tag",
        "userDefined": false
      },
      {
        "text": " ",
        "userDefined": false
      },
      {
        "text": "silk",
        "alias": "tags",
        "meta": "@tag",
        "userDefined": false
      }
    ],
    "isTemplate": false,
    "count": 0,
    "updated": 0
  },
  {
    "id": "18af456a-1ee5-41b6-bbf3-f0febf377365",
    "data": [
      {
        "text": "Is ",
        "userDefined": false
      },
      {
        "text": "cocacola",
        "alias": "tags",
        "meta": "@tag",
        "userDefined": false
      },
      {
        "text": " in stock right now?",
        "userDefined": false
      }
    ],
    "isTemplate": false,
    "count": 0,
    "updated": 0
  },
  {
    "id": "598a1ab9-528d-49f6-ab73-6ac225381a40",
    "data": [
      {
        "text": "Do you sell ",
        "userDefined": false
      },
      {
        "text": "dairy",
        "alias": "tags",
        "meta": "@tag",
        "userDefined": false
      },
      {
        "text": " ",
        "userDefined": false
      },
      {
        "text": "milk",
        "alias": "tags",
        "meta": "@tag",
        "userDefined": false
      },
      {
        "text": " ",
        "userDefined": false
      },
      {
        "text": "chocolates",
        "alias": "tags",
        "meta": "@tag",
        "userDefined": false
      }
    ],
    "isTemplate": false,
    "count": 0,
    "updated": 0
  },
  {
    "id": "f487df8f-502d-4446-b08b-e0dcfe4a1abd",
    "data": [
      {
        "text": "Yes I want ",
        "userDefined": false
      },
      {
        "text": "amul",
        "alias": "tags",
        "meta": "@tag",
        "userDefined": true
      },
      {
        "text": " ",
        "userDefined": false
      },
      {
        "text": "1liter",
        "alias": "tags",
        "meta": "@tag",
        "userDefined": false
      },
      {
        "text": " ",
        "userDefined": false
      },
      {
        "text": "milk",
        "alias": "tags",
        "meta": "@tag",
        "userDefined": false
      },
      {
        "text": " instead",
        "userDefined": false
      }
    ],
    "isTemplate": false,
    "count": 0,
    "updated": 0
  },
  {
    "id": "e39ae3ab-413d-4cb2-b654-42b5d21be38e",
    "data": [
      {
        "text": "We are looking for ",
        "userDefined": false
      },
      {
        "text": "sprite",
        "alias": "tags",
        "meta": "@tag",
        "userDefined": false
      },
      {
        "text": " bottles",
        "userDefined": false
      }
    ],
    "isTemplate": false,
    "count": 0,
    "updated": 0
  },
  {
    "id": "874551e7-1c7d-4815-882f-e3d17ff2e546",
    "data": [
      {
        "text": "Add ",
        "userDefined": false
      },
      {
        "text": "two",
        "alias": "quantity",
        "meta": "@sys.number",
        "userDefined": false
      },
      {
        "text": " ",
        "userDefined": false
      },
      {
        "text": "kitkats",
        "alias": "tags",
        "meta": "@tag",
        "userDefined": false
      },
      {
        "text": " to my cart\u0027",
        "userDefined": false
      }
    ],
    "isTemplate": false,
    "count": 0,
    "updated": 0
  },
  {
    "id": "3bc2c6db-e3d2-4c83-a75f-839e5d6407d3",
    "data": [
      {
        "text": "Show me ",
        "userDefined": false
      },
      {
        "text": "dairy",
        "alias": "tags",
        "meta": "@tag",
        "userDefined": true
      },
      {
        "text": " ",
        "userDefined": false
      },
      {
        "text": "milk",
        "alias": "tags",
        "meta": "@tag",
        "userDefined": false
      },
      {
        "text": " ",
        "userDefined": false
      },
      {
        "text": "chocolates",
        "alias": "tags",
        "meta": "@tag",
        "userDefined": false
      }
    ],
    "isTemplate": false,
    "count": 0,
    "updated": 0
  },
  {
    "id": "453b2c10-77a3-4bea-826b-4eec1836e255",
    "data": [
      {
        "text": "Please order ",
        "userDefined": false
      },
      {
        "text": "cold drink",
        "alias": "tags",
        "meta": "@tag",
        "userDefined": false
      },
      {
        "text": " for for me",
        "userDefined": false
      }
    ],
    "isTemplate": false,
    "count": 0,
    "updated": 0
  },
  {
    "id": "fa0b781a-0865-4d7e-b830-5c255972fcde",
    "data": [
      {
        "text": "Find me some awesome ",
        "userDefined": false
      },
      {
        "text": "chocolates",
        "alias": "tags",
        "meta": "@tag",
        "userDefined": false
      }
    ],
    "isTemplate": false,
    "count": 0,
    "updated": 0
  },
  {
    "id": "1706369d-4563-44fc-aba2-baf8dd177e8b",
    "data": [
      {
        "text": "I want to buy ",
        "userDefined": false
      },
      {
        "text": "milk",
        "alias": "tags",
        "meta": "@tag",
        "userDefined": false
      }
    ],
    "isTemplate": false,
    "count": 0,
    "updated": 0
  }
]