[
  {
    "id": "d3380d98-10f7-406b-80bb-5b4f02ba5fec",
    "data": [
      {
        "text": "how good it",
        "userDefined": false
      }
    ],
    "isTemplate": false,
    "count": 0,
    "updated": 0
  },
  {
    "id": "c1ffaf2a-b71d-44e8-a33d-63fafae6c93e",
    "data": [
      {
        "text": "will it work for next coupe of years",
        "userDefined": false
      }
    ],
    "isTemplate": false,
    "count": 0,
    "updated": 0
  },
  {
    "id": "4fb71d6d-054d-4263-823f-c18f7d961f40",
    "data": [
      {
        "text": "how is the build quality of ",
        "userDefined": false
      },
      {
        "text": "second",
        "alias": "ordinal",
        "meta": "@sys.ordinal",
        "userDefined": false
      },
      {
        "text": " from ",
        "userDefined": false
      },
      {
        "text": "lg",
        "alias": "newTags",
        "meta": "@tag",
        "userDefined": false
      }
    ],
    "isTemplate": false,
    "count": 0,
    "updated": 0
  },
  {
    "id": "6b1b40a7-5f41-4235-b3a4-5ebb26088209",
    "data": [
      {
        "text": "how is the build quality",
        "userDefined": false
      }
    ],
    "isTemplate": false,
    "count": 0,
    "updated": 0
  },
  {
    "id": "22eeec87-0f88-405c-a786-3f5fc3803828",
    "data": [
      {
        "text": "how is the build quality of ",
        "userDefined": false
      },
      {
        "text": "lg",
        "alias": "newTags",
        "meta": "@tag",
        "userDefined": false
      },
      {
        "text": "?",
        "userDefined": false
      }
    ],
    "isTemplate": false,
    "count": 0,
    "updated": 0
  },
  {
    "id": "e4283d95-3827-4e07-81e1-beafccb8db38",
    "data": [
      {
        "text": "is the ",
        "userDefined": false
      },
      {
        "text": "second",
        "alias": "ordinal",
        "meta": "@sys.ordinal",
        "userDefined": false
      },
      {
        "text": " ",
        "userDefined": false
      },
      {
        "text": "tv",
        "alias": "newTags",
        "meta": "@tag",
        "userDefined": false
      },
      {
        "text": " is reliable",
        "userDefined": false
      }
    ],
    "isTemplate": false,
    "count": 0,
    "updated": 0
  },
  {
    "id": "d48b8a45-6e12-47a8-8141-62331caf8f5e",
    "data": [
      {
        "text": "will the ",
        "userDefined": false
      },
      {
        "text": "second",
        "alias": "ordinal",
        "meta": "@sys.ordinal",
        "userDefined": true
      },
      {
        "text": " item last long",
        "userDefined": false
      }
    ],
    "isTemplate": false,
    "count": 0,
    "updated": 0
  },
  {
    "id": "eb612aa6-20e1-4aa7-acea-7d9bab8b5327",
    "data": [
      {
        "text": "is the ",
        "userDefined": false
      },
      {
        "text": "second",
        "alias": "ordinal",
        "meta": "@sys.ordinal",
        "userDefined": false
      },
      {
        "text": " ",
        "userDefined": false
      },
      {
        "text": "tv",
        "alias": "newTags",
        "meta": "@tag",
        "userDefined": false
      },
      {
        "text": " from ",
        "userDefined": false
      },
      {
        "text": "lg",
        "alias": "newTags",
        "meta": "@tag",
        "userDefined": true
      },
      {
        "text": " good",
        "userDefined": false
      }
    ],
    "isTemplate": false,
    "count": 0,
    "updated": 0
  },
  {
    "id": "6973addf-f4a7-48b3-b129-c1722eb0d1ee",
    "data": [
      {
        "text": "what is the quality of ",
        "userDefined": false
      },
      {
        "text": "second",
        "alias": "ordinal",
        "meta": "@sys.ordinal",
        "userDefined": false
      }
    ],
    "isTemplate": false,
    "count": 0,
    "updated": 0
  },
  {
    "id": "888c511e-5106-4e83-8e6f-7bc958356961",
    "data": [
      {
        "text": "is the tv good",
        "userDefined": false
      }
    ],
    "isTemplate": false,
    "count": 0,
    "updated": 0
  }
]