[
  {
    "id": "7f6b60d3-bc49-47a2-98cb-e00b7490e8ac",
    "data": [
      {
        "text": "what is warranty of second from lg",
        "userDefined": false
      }
    ],
    "isTemplate": false,
    "count": 0,
    "updated": 0
  },
  {
    "id": "1cc8e873-00e0-4280-ae1e-17b8c02fa5a2",
    "data": [
      {
        "text": "How much warranty",
        "userDefined": false
      }
    ],
    "isTemplate": false,
    "count": 0,
    "updated": 0
  },
  {
    "id": "7f1baac3-605a-4d3f-82f2-b0f17674a9aa",
    "data": [
      {
        "text": "How much warranty on ",
        "userDefined": false
      },
      {
        "text": "second",
        "alias": "ordinal",
        "meta": "@sys.ordinal",
        "userDefined": false
      }
    ],
    "isTemplate": false,
    "count": 0,
    "updated": 0
  },
  {
    "id": "3d6bb483-88c0-4ba5-bb9f-474d1886a839",
    "data": [
      {
        "text": "How much warranty on ",
        "userDefined": false
      },
      {
        "text": "second",
        "alias": "ordinal",
        "meta": "@sys.ordinal",
        "userDefined": false
      },
      {
        "text": " from lg",
        "userDefined": false
      }
    ],
    "isTemplate": false,
    "count": 0,
    "updated": 0
  },
  {
    "id": "7f8a8d7d-65d1-4ca6-b186-260f337ecae0",
    "data": [
      {
        "text": "What is warranty",
        "userDefined": false
      }
    ],
    "isTemplate": false,
    "count": 0,
    "updated": 0
  },
  {
    "id": "18b562d9-0084-4d8f-b282-3e6bf89e75cf",
    "data": [
      {
        "text": "what is its warranty",
        "userDefined": false
      }
    ],
    "isTemplate": false,
    "count": 0,
    "updated": 0
  },
  {
    "id": "300b69c4-23e4-4ece-8464-933c88bbf3f7",
    "data": [
      {
        "text": "what is warranty on ",
        "userDefined": false
      },
      {
        "text": "third",
        "alias": "ordinal",
        "meta": "@sys.ordinal",
        "userDefined": false
      }
    ],
    "isTemplate": false,
    "count": 0,
    "updated": 0
  },
  {
    "id": "4666f52a-4a34-449a-8699-4a8505ac82fa",
    "data": [
      {
        "text": "what is warranty on ",
        "userDefined": false
      },
      {
        "text": "second",
        "alias": "ordinal",
        "meta": "@sys.ordinal",
        "userDefined": false
      },
      {
        "text": " ",
        "userDefined": false
      },
      {
        "text": "tv",
        "alias": "newTags",
        "meta": "@tag",
        "userDefined": false
      }
    ],
    "isTemplate": false,
    "count": 0,
    "updated": 0
  }
]