[
  {
    "id": "66d7a9b9-be25-4711-853e-5b711f4fa0f4",
    "data": [
      {
        "text": "does the screen support ",
        "userDefined": false
      },
      {
        "text": "4 k",
        "meta": "@sys.ignore",
        "userDefined": false
      }
    ],
    "isTemplate": false,
    "count": 0,
    "updated": 0
  },
  {
    "id": "1072a556-1e65-4e78-92c4-0aae0a64356b",
    "data": [
      {
        "text": "does the screen support ",
        "userDefined": false
      },
      {
        "text": "4k",
        "meta": "@sys.ignore",
        "userDefined": false
      }
    ],
    "isTemplate": false,
    "count": 0,
    "updated": 0
  },
  {
    "id": "71af590d-fcc3-4121-9b2f-92355c0f7696",
    "data": [
      {
        "text": "does the screen support ",
        "userDefined": false
      },
      {
        "text": "hd",
        "meta": "@sys.ignore",
        "userDefined": false
      }
    ],
    "isTemplate": false,
    "count": 0,
    "updated": 0
  },
  {
    "id": "98fc3b95-dcf9-4e13-8b3e-38d870a7689a",
    "data": [
      {
        "text": "does the screen support full ",
        "userDefined": false
      },
      {
        "text": "hd",
        "meta": "@sys.ignore",
        "userDefined": false
      }
    ],
    "isTemplate": false,
    "count": 0,
    "updated": 0
  },
  {
    "id": "a9d6498d-b8a6-493a-928a-d0711098c67c",
    "data": [
      {
        "text": "is the screen ",
        "userDefined": false
      },
      {
        "text": "4k",
        "meta": "@sys.ignore",
        "userDefined": false
      }
    ],
    "isTemplate": false,
    "count": 0,
    "updated": 0
  },
  {
    "id": "c5bf2d36-5af6-4200-983c-cbef8f43e65f",
    "data": [
      {
        "text": "what is screen resolution of ",
        "userDefined": false
      },
      {
        "text": "second",
        "alias": "ordinal",
        "meta": "@sys.ordinal",
        "userDefined": false
      },
      {
        "text": " from ",
        "userDefined": false
      },
      {
        "text": "lg",
        "alias": "newTags",
        "meta": "@tag",
        "userDefined": false
      }
    ],
    "isTemplate": false,
    "count": 0,
    "updated": 0
  },
  {
    "id": "73913744-01ea-45bf-938b-6050f625f9ff",
    "data": [
      {
        "text": "how much clear is the screen",
        "userDefined": false
      }
    ],
    "isTemplate": false,
    "count": 0,
    "updated": 0
  },
  {
    "id": "13ea55c1-f774-4371-bd4d-1fb1cf4e0a16",
    "data": [
      {
        "text": "how much clear is the screen of ",
        "userDefined": false
      },
      {
        "text": "lg",
        "alias": "newTags",
        "meta": "@tag",
        "userDefined": false
      },
      {
        "text": "?",
        "userDefined": false
      }
    ],
    "isTemplate": false,
    "count": 0,
    "updated": 0
  },
  {
    "id": "9eacbd3c-e0d9-4363-8ce2-0b3e525c7036",
    "data": [
      {
        "text": "how much sharp is the screen of ",
        "userDefined": false
      },
      {
        "text": "second",
        "alias": "ordinal",
        "meta": "@sys.ordinal",
        "userDefined": false
      },
      {
        "text": " ",
        "userDefined": false
      },
      {
        "text": "tv",
        "alias": "newTags",
        "meta": "@tag",
        "userDefined": false
      }
    ],
    "isTemplate": false,
    "count": 0,
    "updated": 0
  },
  {
    "id": "852d3818-2680-4dc3-8203-778c0cabccf8",
    "data": [
      {
        "text": "how much clear is the screen of ",
        "userDefined": false
      },
      {
        "text": "second",
        "alias": "ordinal",
        "meta": "@sys.ordinal",
        "userDefined": false
      }
    ],
    "isTemplate": false,
    "count": 0,
    "updated": 0
  },
  {
    "id": "e7be3b6c-52c5-4d3d-8f0d-ca676ada924e",
    "data": [
      {
        "text": "what is screen resolution ",
        "userDefined": false
      },
      {
        "text": "50 inch",
        "alias": "newTags",
        "meta": "@tag",
        "userDefined": false
      }
    ],
    "isTemplate": false,
    "count": 0,
    "updated": 0
  },
  {
    "id": "ee9fe3be-7c3f-4bdd-9015-804a660523e9",
    "data": [
      {
        "text": "how much clear is the screen of ",
        "userDefined": false
      },
      {
        "text": "second",
        "meta": "@sys.ignore",
        "userDefined": false
      },
      {
        "text": " ",
        "userDefined": false
      },
      {
        "text": "tv",
        "alias": "newTags",
        "meta": "@tag",
        "userDefined": false
      }
    ],
    "isTemplate": false,
    "count": 0,
    "updated": 0
  },
  {
    "id": "4d72b539-81d4-49c9-8843-d6cecc72bff6",
    "data": [
      {
        "text": "is the screen hd",
        "userDefined": false
      }
    ],
    "isTemplate": false,
    "count": 0,
    "updated": 0
  },
  {
    "id": "71b1f0e7-3bc9-497c-b7ff-0858a1112fe0",
    "data": [
      {
        "text": "is the screen 4 k",
        "userDefined": false
      }
    ],
    "isTemplate": false,
    "count": 0,
    "updated": 0
  }
]