[
  {
    "id": "d728293d-6558-4998-9c17-b33cd260e713",
    "data": [
      {
        "text": "what is color of ",
        "userDefined": false
      },
      {
        "text": "second",
        "alias": "ordinal",
        "meta": "@sys.ordinal",
        "userDefined": false
      },
      {
        "text": " ",
        "userDefined": false
      },
      {
        "text": "tv",
        "alias": "newTags",
        "meta": "@tag",
        "userDefined": false
      },
      {
        "text": " from ",
        "userDefined": false
      },
      {
        "text": "samsung",
        "alias": "newTags",
        "meta": "@tag",
        "userDefined": false
      }
    ],
    "isTemplate": false,
    "count": 0,
    "updated": 0
  },
  {
    "id": "4f03c5d2-8e95-4784-bc08-848b6b242abd",
    "data": [
      {
        "text": "what are the colours available",
        "userDefined": false
      }
    ],
    "isTemplate": false,
    "count": 0,
    "updated": 0
  },
  {
    "id": "99c8e35a-eebc-4654-bc7b-18afc07ea7a3",
    "data": [
      {
        "text": "what are the colours available in ",
        "userDefined": false
      },
      {
        "text": "third one",
        "alias": "ordinal",
        "meta": "@sys.ordinal",
        "userDefined": false
      }
    ],
    "isTemplate": false,
    "count": 0,
    "updated": 0
  },
  {
    "id": "e63f773b-8e26-4e03-97a8-61ead9f5680b",
    "data": [
      {
        "text": "in which color is the ",
        "userDefined": false
      },
      {
        "text": "second",
        "alias": "ordinal",
        "meta": "@sys.ordinal",
        "userDefined": false
      },
      {
        "text": " ",
        "userDefined": false
      },
      {
        "text": "tv",
        "alias": "newTags",
        "meta": "@tag",
        "userDefined": false
      },
      {
        "text": " is available",
        "userDefined": false
      }
    ],
    "isTemplate": false,
    "count": 0,
    "updated": 0
  },
  {
    "id": "37ec9e61-559e-457f-bea7-d9ce3dfacc6f",
    "data": [
      {
        "text": "what is its color",
        "userDefined": false
      }
    ],
    "isTemplate": false,
    "count": 0,
    "updated": 0
  },
  {
    "id": "3be32436-7b8e-4728-b5ca-df9f87110ea0",
    "data": [
      {
        "text": "what is the body color",
        "userDefined": false
      }
    ],
    "isTemplate": false,
    "count": 0,
    "updated": 0
  }
]