[
  {
    "id": "bbd736f4-6762-42be-b12a-628470ef1a9c",
    "data": [
      {
        "text": "what are the colours available",
        "userDefined": false
      }
    ],
    "isTemplate": false,
    "count": 0,
    "updated": 0
  },
  {
    "id": "ce68db28-f8bb-4967-a10c-2f6e61bae8e5",
    "data": [
      {
        "text": "what are the colours available in ",
        "userDefined": false
      },
      {
        "text": "third one",
        "alias": "ordinal",
        "meta": "@sys.ordinal",
        "userDefined": false
      }
    ],
    "isTemplate": false,
    "count": 0,
    "updated": 0
  },
  {
    "id": "c0bb1f75-8838-4043-90de-ecd51ee5a1be",
    "data": [
      {
        "text": "in which color is the ",
        "userDefined": false
      },
      {
        "text": "second",
        "alias": "ordinal",
        "meta": "@sys.ordinal",
        "userDefined": false
      },
      {
        "text": " ",
        "userDefined": false
      },
      {
        "text": "tv",
        "alias": "newTags",
        "meta": "@tag",
        "userDefined": false
      },
      {
        "text": " is available",
        "userDefined": false
      }
    ],
    "isTemplate": false,
    "count": 0,
    "updated": 0
  },
  {
    "id": "cf88d86c-2f8b-4b42-bc59-cf3aa30dd499",
    "data": [
      {
        "text": "what is its color",
        "userDefined": false
      }
    ],
    "isTemplate": false,
    "count": 0,
    "updated": 0
  },
  {
    "id": "414d4167-b060-4a0e-b214-d212688ed156",
    "data": [
      {
        "text": "what is the body color",
        "userDefined": false
      }
    ],
    "isTemplate": false,
    "count": 0,
    "updated": 0
  }
]