[
  {
    "id": "fcfc681b-c5b1-4950-8f6c-e87ed48eabe1",
    "data": [
      {
        "text": "how good are after sales service of ",
        "userDefined": false
      },
      {
        "text": "samsung",
        "alias": "newTags",
        "meta": "@tag",
        "userDefined": false
      }
    ],
    "isTemplate": false,
    "count": 0,
    "updated": 0
  },
  {
    "id": "05eb42e6-d56a-4bbe-99bd-95c4d22fa6d0",
    "data": [
      {
        "text": "what is guaranty of second from lg",
        "userDefined": false
      }
    ],
    "isTemplate": false,
    "count": 0,
    "updated": 0
  },
  {
    "id": "197ff670-af0c-4e89-8b35-16daa84ca11b",
    "data": [
      {
        "text": "what is guaranty on ",
        "userDefined": false
      },
      {
        "text": "second",
        "alias": "ordinal",
        "meta": "@sys.ordinal",
        "userDefined": false
      },
      {
        "text": " ",
        "userDefined": false
      },
      {
        "text": "tv",
        "alias": "newTags",
        "meta": "@tag",
        "userDefined": true
      }
    ],
    "isTemplate": false,
    "count": 0,
    "updated": 0
  },
  {
    "id": "0e293bf5-7cd6-4821-b23a-d6ce65077304",
    "data": [
      {
        "text": "what is guaranty on ",
        "userDefined": false
      },
      {
        "text": "third",
        "alias": "ordinal",
        "meta": "@sys.ordinal",
        "userDefined": false
      }
    ],
    "isTemplate": false,
    "count": 0,
    "updated": 0
  },
  {
    "id": "be3b1500-a298-4398-a234-7d3bc7b08c76",
    "data": [
      {
        "text": "what is its guaranty",
        "userDefined": false
      }
    ],
    "isTemplate": false,
    "count": 0,
    "updated": 0
  },
  {
    "id": "8f83d984-bf61-4311-afd8-dd591b9af6ad",
    "data": [
      {
        "text": "What is guaranty",
        "userDefined": false
      }
    ],
    "isTemplate": false,
    "count": 0,
    "updated": 0
  },
  {
    "id": "556b2de3-5001-46f4-be57-a2811b69eb3c",
    "data": [
      {
        "text": "How much guaranty on ",
        "userDefined": false
      },
      {
        "text": "second",
        "alias": "ordinal",
        "meta": "@sys.ordinal",
        "userDefined": false
      },
      {
        "text": " from ",
        "userDefined": false
      },
      {
        "text": "lg",
        "alias": "newTags",
        "meta": "@tag",
        "userDefined": false
      }
    ],
    "isTemplate": false,
    "count": 0,
    "updated": 0
  },
  {
    "id": "016b181f-d730-4ae8-9e0f-05ff72ee09ce",
    "data": [
      {
        "text": "How much guaranty on ",
        "userDefined": false
      },
      {
        "text": "second",
        "alias": "ordinal",
        "meta": "@sys.ordinal",
        "userDefined": false
      }
    ],
    "isTemplate": false,
    "count": 0,
    "updated": 0
  },
  {
    "id": "d253e773-e8e8-49cc-821e-c19030060966",
    "data": [
      {
        "text": "How much guaranty",
        "userDefined": false
      }
    ],
    "isTemplate": false,
    "count": 0,
    "updated": 0
  }
]