[
  {
    "id": "7b4b61e6-9e12-4f6a-b06c-8d54b1de4dc7",
    "data": [
      {
        "text": "how much big is ",
        "userDefined": false
      },
      {
        "text": "samsung",
        "alias": "newtags",
        "meta": "@tag",
        "userDefined": false
      }
    ],
    "isTemplate": false,
    "count": 0,
    "updated": 0
  },
  {
    "id": "f8077313-6984-4b16-a798-0a4806c591cc",
    "data": [
      {
        "text": "how much is the screen size of  ",
        "userDefined": false
      },
      {
        "text": "second",
        "alias": "ordinal",
        "meta": "@sys.ordinal",
        "userDefined": true
      },
      {
        "text": " from ",
        "userDefined": false
      },
      {
        "text": "lg",
        "alias": "newtags",
        "meta": "@tag",
        "userDefined": false
      }
    ],
    "isTemplate": false,
    "count": 0,
    "updated": 0
  },
  {
    "id": "7d9523be-afbb-4430-b35c-27e464310bd5",
    "data": [
      {
        "text": "how much is the screen size of ",
        "userDefined": false
      },
      {
        "text": "lg",
        "alias": "newtags",
        "meta": "@tag",
        "userDefined": false
      },
      {
        "text": " ",
        "userDefined": false
      },
      {
        "text": "32 inch",
        "alias": "newtags",
        "meta": "@tag",
        "userDefined": false
      }
    ],
    "isTemplate": false,
    "count": 1,
    "updated": 0
  },
  {
    "id": "87080ba8-b114-4b76-9e5c-c7f2fca2575a",
    "data": [
      {
        "text": "how big it is",
        "userDefined": false
      }
    ],
    "isTemplate": false,
    "count": 0,
    "updated": 0
  },
  {
    "id": "6c1e2d59-26e2-431d-b5f3-e0d7a3a5f98d",
    "data": [
      {
        "text": "what is the screen size",
        "userDefined": false
      }
    ],
    "isTemplate": false,
    "count": 0,
    "updated": 0
  },
  {
    "id": "f723cfef-5ec0-4f99-a173-0991d3025397",
    "data": [
      {
        "text": "how much big is the screen size",
        "userDefined": false
      }
    ],
    "isTemplate": false,
    "count": 0,
    "updated": 0
  },
  {
    "id": "56c0b12b-47fd-4390-a568-71fc4bc601c9",
    "data": [
      {
        "text": "how much big is the screen",
        "userDefined": false
      }
    ],
    "isTemplate": false,
    "count": 0,
    "updated": 0
  }
]