[
  {
    "id": "3652d90c-4186-43fa-93a5-4417f3a252d0",
    "data": [
      {
        "text": "how good are after sales service of ",
        "userDefined": false
      },
      {
        "text": "samsung",
        "alias": "newTags",
        "meta": "@tag",
        "userDefined": false
      }
    ],
    "isTemplate": false,
    "count": 0,
    "updated": 0
  },
  {
    "id": "f02180c6-c2f4-45de-a4b7-bc619560f0da",
    "data": [
      {
        "text": "what is guaranty of second from lg",
        "userDefined": false
      }
    ],
    "isTemplate": false,
    "count": 0,
    "updated": 0
  },
  {
    "id": "b6e07b9f-3086-404a-86f4-7efcc30a811e",
    "data": [
      {
        "text": "what is guaranty on ",
        "userDefined": false
      },
      {
        "text": "second",
        "alias": "ordinal",
        "meta": "@sys.ordinal",
        "userDefined": false
      },
      {
        "text": " ",
        "userDefined": false
      },
      {
        "text": "tv",
        "alias": "newTags",
        "meta": "@tag",
        "userDefined": true
      }
    ],
    "isTemplate": false,
    "count": 0,
    "updated": 0
  },
  {
    "id": "0e5a052c-c0d4-41ea-aae2-7f72cf0e3183",
    "data": [
      {
        "text": "what is guaranty on ",
        "userDefined": false
      },
      {
        "text": "third",
        "alias": "ordinal",
        "meta": "@sys.ordinal",
        "userDefined": false
      }
    ],
    "isTemplate": false,
    "count": 0,
    "updated": 0
  },
  {
    "id": "30906bb0-1962-423d-90cb-55d57707c8cf",
    "data": [
      {
        "text": "what is its guaranty",
        "userDefined": false
      }
    ],
    "isTemplate": false,
    "count": 0,
    "updated": 0
  },
  {
    "id": "e2edc2e5-d09d-4d95-9aa4-fde249aaf225",
    "data": [
      {
        "text": "What is guaranty",
        "userDefined": false
      }
    ],
    "isTemplate": false,
    "count": 0,
    "updated": 0
  },
  {
    "id": "e2c71bfe-f386-48c9-afa7-55c480bebe6f",
    "data": [
      {
        "text": "How much guaranty on ",
        "userDefined": false
      },
      {
        "text": "second",
        "alias": "ordinal",
        "meta": "@sys.ordinal",
        "userDefined": false
      },
      {
        "text": " from ",
        "userDefined": false
      },
      {
        "text": "lg",
        "alias": "newTags",
        "meta": "@tag",
        "userDefined": false
      }
    ],
    "isTemplate": false,
    "count": 0,
    "updated": 0
  },
  {
    "id": "9785d62d-b1f1-4103-a88e-296b048e466e",
    "data": [
      {
        "text": "How much guaranty on ",
        "userDefined": false
      },
      {
        "text": "second",
        "alias": "ordinal",
        "meta": "@sys.ordinal",
        "userDefined": false
      }
    ],
    "isTemplate": false,
    "count": 0,
    "updated": 0
  },
  {
    "id": "ee9acc28-8540-4e37-a759-b5a9c241654d",
    "data": [
      {
        "text": "How much guaranty",
        "userDefined": false
      }
    ],
    "isTemplate": false,
    "count": 0,
    "updated": 0
  }
]