[
  {
    "id": "ecc953ca-bade-4fea-ac07-80e843d2e013",
    "data": [
      {
        "text": "How much warranty do I get on this ",
        "userDefined": false
      },
      {
        "text": "55 inch",
        "alias": "newTags",
        "meta": "@tag",
        "userDefined": true
      },
      {
        "text": " ",
        "userDefined": false
      },
      {
        "text": "LG",
        "alias": "newTags",
        "meta": "@tag",
        "userDefined": true
      },
      {
        "text": " ",
        "userDefined": false
      },
      {
        "text": "tv",
        "alias": "newTags",
        "meta": "@tag",
        "userDefined": true
      }
    ],
    "isTemplate": false,
    "count": 0,
    "updated": 0
  },
  {
    "id": "cffe5b29-de3f-4321-9c83-88c867a89ad8",
    "data": [
      {
        "text": "what is warranty of second from lg",
        "userDefined": false
      }
    ],
    "isTemplate": false,
    "count": 0,
    "updated": 0
  },
  {
    "id": "c14c97a0-1459-458c-91a2-cce7672526af",
    "data": [
      {
        "text": "How much warranty",
        "userDefined": false
      }
    ],
    "isTemplate": false,
    "count": 0,
    "updated": 0
  },
  {
    "id": "21dd4d50-9a8d-43bf-904d-38dabd18c2af",
    "data": [
      {
        "text": "How much warranty on ",
        "userDefined": false
      },
      {
        "text": "second",
        "alias": "ordinal",
        "meta": "@sys.ordinal",
        "userDefined": false
      }
    ],
    "isTemplate": false,
    "count": 0,
    "updated": 0
  },
  {
    "id": "b69d60db-8027-4e4e-a3ef-7b3b7c35ac27",
    "data": [
      {
        "text": "How much warranty on ",
        "userDefined": false
      },
      {
        "text": "second",
        "alias": "ordinal",
        "meta": "@sys.ordinal",
        "userDefined": false
      },
      {
        "text": " from lg",
        "userDefined": false
      }
    ],
    "isTemplate": false,
    "count": 0,
    "updated": 0
  },
  {
    "id": "2b1e526b-dd1e-4c06-9fca-d3bca656c788",
    "data": [
      {
        "text": "What is warranty",
        "userDefined": false
      }
    ],
    "isTemplate": false,
    "count": 0,
    "updated": 0
  },
  {
    "id": "f8cc15f0-10a9-4788-8636-490087eec57d",
    "data": [
      {
        "text": "what is its warranty",
        "userDefined": false
      }
    ],
    "isTemplate": false,
    "count": 0,
    "updated": 0
  },
  {
    "id": "3dae3ae7-c634-40d0-aa42-d96de4be18ec",
    "data": [
      {
        "text": "what is warranty on ",
        "userDefined": false
      },
      {
        "text": "third",
        "alias": "ordinal",
        "meta": "@sys.ordinal",
        "userDefined": false
      }
    ],
    "isTemplate": false,
    "count": 0,
    "updated": 0
  },
  {
    "id": "3aa92c91-722e-4f1b-bb31-c321b9b81605",
    "data": [
      {
        "text": "what is warranty on ",
        "userDefined": false
      },
      {
        "text": "second",
        "alias": "ordinal",
        "meta": "@sys.ordinal",
        "userDefined": false
      },
      {
        "text": " ",
        "userDefined": false
      },
      {
        "text": "tv",
        "alias": "newTags",
        "meta": "@tag",
        "userDefined": false
      }
    ],
    "isTemplate": false,
    "count": 0,
    "updated": 0
  }
]