[
  {
    "id": "0a1d4e36-92a0-48d3-afac-bfd15935db7a",
    "data": [
      {
        "text": "how much big is ",
        "userDefined": false
      },
      {
        "text": "samsung",
        "alias": "newtags",
        "meta": "@tag",
        "userDefined": false
      }
    ],
    "isTemplate": false,
    "count": 0,
    "updated": 0
  },
  {
    "id": "16daf563-8427-476e-9263-39eaf1ed00ae",
    "data": [
      {
        "text": "how much is the screen size of  ",
        "userDefined": false
      },
      {
        "text": "second",
        "alias": "ordinal",
        "meta": "@sys.ordinal",
        "userDefined": true
      },
      {
        "text": " from ",
        "userDefined": false
      },
      {
        "text": "lg",
        "alias": "newtags",
        "meta": "@tag",
        "userDefined": false
      }
    ],
    "isTemplate": false,
    "count": 0,
    "updated": 0
  },
  {
    "id": "c7779b74-24d2-4a06-9dd1-261ce666ea46",
    "data": [
      {
        "text": "how much is the screen size of ",
        "userDefined": false
      },
      {
        "text": "lg",
        "alias": "newtags",
        "meta": "@tag",
        "userDefined": false
      },
      {
        "text": " ",
        "userDefined": false
      },
      {
        "text": "32 inch",
        "alias": "newtags",
        "meta": "@tag",
        "userDefined": false
      }
    ],
    "isTemplate": false,
    "count": 1,
    "updated": 0
  },
  {
    "id": "4412a9b8-7949-40ad-9ed8-02944437ac17",
    "data": [
      {
        "text": "how big it is",
        "userDefined": false
      }
    ],
    "isTemplate": false,
    "count": 0,
    "updated": 0
  },
  {
    "id": "07e3ffe7-1eb3-41f1-946a-fe078f87697a",
    "data": [
      {
        "text": "what is the screen size",
        "userDefined": false
      }
    ],
    "isTemplate": false,
    "count": 0,
    "updated": 0
  },
  {
    "id": "96cff657-24bd-47c6-8666-1bbaff1c85a5",
    "data": [
      {
        "text": "how much big is the screen size",
        "userDefined": false
      }
    ],
    "isTemplate": false,
    "count": 0,
    "updated": 0
  },
  {
    "id": "c45ec370-4726-4053-aa48-1ade0793656f",
    "data": [
      {
        "text": "how much big is the screen",
        "userDefined": false
      }
    ],
    "isTemplate": false,
    "count": 0,
    "updated": 0
  }
]