[
  {
    "id": "91de7809-807d-406f-902d-c3b4b0cb6de3",
    "data": [
      {
        "text": "what is warranty of second from lg",
        "userDefined": false
      }
    ],
    "isTemplate": false,
    "count": 0,
    "updated": 0
  },
  {
    "id": "64f62c9e-57dc-4379-a0ec-2449af9438e1",
    "data": [
      {
        "text": "How much warranty",
        "userDefined": false
      }
    ],
    "isTemplate": false,
    "count": 0,
    "updated": 0
  },
  {
    "id": "1f5d9612-8cc9-468b-8510-02f5a5c04ee3",
    "data": [
      {
        "text": "How much warranty on ",
        "userDefined": false
      },
      {
        "text": "second",
        "alias": "ordinal",
        "meta": "@sys.ordinal",
        "userDefined": false
      }
    ],
    "isTemplate": false,
    "count": 0,
    "updated": 0
  },
  {
    "id": "fbad139d-82c5-4240-932c-44ef229bd873",
    "data": [
      {
        "text": "How much warranty on ",
        "userDefined": false
      },
      {
        "text": "second",
        "alias": "ordinal",
        "meta": "@sys.ordinal",
        "userDefined": false
      },
      {
        "text": " from lg",
        "userDefined": false
      }
    ],
    "isTemplate": false,
    "count": 0,
    "updated": 0
  },
  {
    "id": "d744128f-c874-4c89-992e-619abf946451",
    "data": [
      {
        "text": "What is warranty",
        "userDefined": false
      }
    ],
    "isTemplate": false,
    "count": 0,
    "updated": 0
  },
  {
    "id": "3bb41b10-3d54-4b4b-91f7-429ca9e48cf9",
    "data": [
      {
        "text": "what is its warranty",
        "userDefined": false
      }
    ],
    "isTemplate": false,
    "count": 0,
    "updated": 0
  },
  {
    "id": "3d9b9e91-af26-415b-993d-59eee73f7ba8",
    "data": [
      {
        "text": "what is warranty on ",
        "userDefined": false
      },
      {
        "text": "third",
        "alias": "ordinal",
        "meta": "@sys.ordinal",
        "userDefined": false
      }
    ],
    "isTemplate": false,
    "count": 0,
    "updated": 0
  },
  {
    "id": "b6f0709c-36cd-44af-bed4-5ec001038763",
    "data": [
      {
        "text": "what is warranty on ",
        "userDefined": false
      },
      {
        "text": "second",
        "alias": "ordinal",
        "meta": "@sys.ordinal",
        "userDefined": false
      },
      {
        "text": " ",
        "userDefined": false
      },
      {
        "text": "tv",
        "alias": "newTags",
        "meta": "@tag",
        "userDefined": false
      }
    ],
    "isTemplate": false,
    "count": 0,
    "updated": 0
  }
]