[
  {
    "id": "f43a33a2-d381-42d7-aac2-93b8c77e3b41",
    "data": [
      {
        "text": "how good are after sales service of ",
        "userDefined": false
      },
      {
        "text": "samsung",
        "alias": "newTags",
        "meta": "@tag",
        "userDefined": false
      }
    ],
    "isTemplate": false,
    "count": 0,
    "updated": 0
  },
  {
    "id": "6e6dcf00-7259-4eea-a905-e0dcd23457a4",
    "data": [
      {
        "text": "what is guaranty of second from lg",
        "userDefined": false
      }
    ],
    "isTemplate": false,
    "count": 0,
    "updated": 0
  },
  {
    "id": "ea181f15-194e-4339-a537-216ee8d70324",
    "data": [
      {
        "text": "what is guaranty on ",
        "userDefined": false
      },
      {
        "text": "second",
        "alias": "ordinal",
        "meta": "@sys.ordinal",
        "userDefined": false
      },
      {
        "text": " ",
        "userDefined": false
      },
      {
        "text": "tv",
        "alias": "newTags",
        "meta": "@tag",
        "userDefined": true
      }
    ],
    "isTemplate": false,
    "count": 0,
    "updated": 0
  },
  {
    "id": "16d17642-dae2-4c5f-8a0b-b98804d7fcd4",
    "data": [
      {
        "text": "what is guaranty on ",
        "userDefined": false
      },
      {
        "text": "third",
        "alias": "ordinal",
        "meta": "@sys.ordinal",
        "userDefined": false
      }
    ],
    "isTemplate": false,
    "count": 0,
    "updated": 0
  },
  {
    "id": "e39bae1f-7fd2-427a-972b-33581a2772f3",
    "data": [
      {
        "text": "what is its guaranty",
        "userDefined": false
      }
    ],
    "isTemplate": false,
    "count": 0,
    "updated": 0
  },
  {
    "id": "445b0593-7959-4ec6-b04c-785ce1bca027",
    "data": [
      {
        "text": "What is guaranty",
        "userDefined": false
      }
    ],
    "isTemplate": false,
    "count": 0,
    "updated": 0
  },
  {
    "id": "84db82bd-2b30-4c96-be5e-3013514ab2b5",
    "data": [
      {
        "text": "How much guaranty on ",
        "userDefined": false
      },
      {
        "text": "second",
        "alias": "ordinal",
        "meta": "@sys.ordinal",
        "userDefined": false
      },
      {
        "text": " from ",
        "userDefined": false
      },
      {
        "text": "lg",
        "alias": "newTags",
        "meta": "@tag",
        "userDefined": false
      }
    ],
    "isTemplate": false,
    "count": 0,
    "updated": 0
  },
  {
    "id": "6a5f2b75-380c-4f8e-89bc-d44143c8dd97",
    "data": [
      {
        "text": "How much guaranty on ",
        "userDefined": false
      },
      {
        "text": "second",
        "alias": "ordinal",
        "meta": "@sys.ordinal",
        "userDefined": false
      }
    ],
    "isTemplate": false,
    "count": 0,
    "updated": 0
  },
  {
    "id": "ffe6cf45-a882-41f3-a84b-5eb33a555cab",
    "data": [
      {
        "text": "How much guaranty",
        "userDefined": false
      }
    ],
    "isTemplate": false,
    "count": 0,
    "updated": 0
  }
]