[
  {
    "id": "2a5283b8-8753-4489-8c1a-a711d70639cf",
    "data": [
      {
        "text": "what are the colours available",
        "userDefined": false
      }
    ],
    "isTemplate": false,
    "count": 0,
    "updated": 0
  },
  {
    "id": "e9126d0f-cca9-463c-8551-d42542fc6ed1",
    "data": [
      {
        "text": "what are the colours available in ",
        "userDefined": false
      },
      {
        "text": "third one",
        "alias": "ordinal",
        "meta": "@sys.ordinal",
        "userDefined": false
      }
    ],
    "isTemplate": false,
    "count": 0,
    "updated": 0
  },
  {
    "id": "6b362318-fe46-427f-9c6c-918b41a51f04",
    "data": [
      {
        "text": "in which color is the ",
        "userDefined": false
      },
      {
        "text": "second",
        "alias": "ordinal",
        "meta": "@sys.ordinal",
        "userDefined": false
      },
      {
        "text": " ",
        "userDefined": false
      },
      {
        "text": "tv",
        "alias": "newTags",
        "meta": "@tag",
        "userDefined": false
      },
      {
        "text": " is available",
        "userDefined": false
      }
    ],
    "isTemplate": false,
    "count": 0,
    "updated": 0
  },
  {
    "id": "468f553f-a033-446c-ae08-8d81ff3f1af6",
    "data": [
      {
        "text": "what is its color",
        "userDefined": false
      }
    ],
    "isTemplate": false,
    "count": 0,
    "updated": 0
  },
  {
    "id": "4899a180-68cb-4b0e-ba08-11d2a74e969a",
    "data": [
      {
        "text": "what is the body color",
        "userDefined": false
      }
    ],
    "isTemplate": false,
    "count": 0,
    "updated": 0
  }
]