[
  {
    "id": "3f76de09-bcd4-41a7-b690-774d00eb421b",
    "data": [
      {
        "text": "how much is the screen size of  ",
        "userDefined": false
      },
      {
        "text": "second",
        "alias": "ordinal",
        "meta": "@sys.ordinal",
        "userDefined": false
      },
      {
        "text": " ",
        "userDefined": false
      },
      {
        "text": "55 inch",
        "alias": "newtags",
        "meta": "@tag",
        "userDefined": false
      },
      {
        "text": " ",
        "userDefined": false
      },
      {
        "text": "tv",
        "alias": "newtags",
        "meta": "@tag",
        "userDefined": false
      },
      {
        "text": " from ",
        "userDefined": false
      },
      {
        "text": "lg",
        "alias": "newtags",
        "meta": "@tag",
        "userDefined": false
      }
    ],
    "isTemplate": false,
    "count": 0,
    "updated": 0
  },
  {
    "id": "a79e5256-236f-4f39-b1a5-e80ba4679602",
    "data": [
      {
        "text": "how much big is ",
        "userDefined": false
      },
      {
        "text": "samsung",
        "alias": "newtags",
        "meta": "@tag",
        "userDefined": false
      }
    ],
    "isTemplate": false,
    "count": 0,
    "updated": 0
  },
  {
    "id": "705bd974-abb2-49f4-9ecd-646c6ca55238",
    "data": [
      {
        "text": "how much is the screen size of  ",
        "userDefined": false
      },
      {
        "text": "second",
        "alias": "ordinal",
        "meta": "@sys.ordinal",
        "userDefined": true
      },
      {
        "text": " from ",
        "userDefined": false
      },
      {
        "text": "lg",
        "alias": "newtags",
        "meta": "@tag",
        "userDefined": false
      }
    ],
    "isTemplate": false,
    "count": 0,
    "updated": 0
  },
  {
    "id": "2bc5b4d9-8446-46a2-959f-24c0a4dd095a",
    "data": [
      {
        "text": "how much is the screen size of ",
        "userDefined": false
      },
      {
        "text": "lg",
        "alias": "newtags",
        "meta": "@tag",
        "userDefined": false
      },
      {
        "text": " ",
        "userDefined": false
      },
      {
        "text": "32 inch",
        "alias": "newtags",
        "meta": "@tag",
        "userDefined": false
      }
    ],
    "isTemplate": false,
    "count": 1,
    "updated": 0
  },
  {
    "id": "a8d68edf-7f9b-4721-b67b-2a110553bab6",
    "data": [
      {
        "text": "how big it is",
        "userDefined": false
      }
    ],
    "isTemplate": false,
    "count": 0,
    "updated": 0
  },
  {
    "id": "f13bf319-8bb7-4751-833d-d8347dda1643",
    "data": [
      {
        "text": "what is the screen size",
        "userDefined": false
      }
    ],
    "isTemplate": false,
    "count": 0,
    "updated": 0
  },
  {
    "id": "56900195-ef7e-4360-b4d0-c4060f68dad4",
    "data": [
      {
        "text": "how much big is the screen size",
        "userDefined": false
      }
    ],
    "isTemplate": false,
    "count": 0,
    "updated": 0
  },
  {
    "id": "ef854f73-7257-4172-be50-8c9f131665c7",
    "data": [
      {
        "text": "how much big is the screen",
        "userDefined": false
      }
    ],
    "isTemplate": false,
    "count": 0,
    "updated": 0
  }
]