[
  {
    "id": "9f10d7bd-c418-467b-bcb1-955cf277a695",
    "data": [
      {
        "text": "can I share my laptop screen on ",
        "userDefined": false
      },
      {
        "text": "second",
        "alias": "ordinal",
        "meta": "@sys.ordinal",
        "userDefined": false
      },
      {
        "text": " from ",
        "userDefined": false
      },
      {
        "text": "lg",
        "alias": "newTags",
        "meta": "@tag",
        "userDefined": false
      }
    ],
    "isTemplate": false,
    "count": 0,
    "updated": 0
  },
  {
    "id": "58d05c23-a138-451a-86d4-952e082743b0",
    "data": [
      {
        "text": "can i duplicate my phone\u0027s screen",
        "userDefined": false
      }
    ],
    "isTemplate": false,
    "count": 0,
    "updated": 0
  },
  {
    "id": "9fa6d345-296f-4095-a184-52ed74a14f19",
    "data": [
      {
        "text": "can i duplicate my phone\u0027s screen on ",
        "userDefined": false
      },
      {
        "text": "lg",
        "alias": "newTags",
        "meta": "@tag",
        "userDefined": false
      },
      {
        "text": "?",
        "userDefined": false
      }
    ],
    "isTemplate": false,
    "count": 0,
    "updated": 0
  },
  {
    "id": "106f47e0-5410-4b3c-8120-b39948968724",
    "data": [
      {
        "text": "can this ",
        "userDefined": false
      },
      {
        "text": "second",
        "alias": "ordinal",
        "meta": "@sys.ordinal",
        "userDefined": false
      },
      {
        "text": " ",
        "userDefined": false
      },
      {
        "text": "tv",
        "alias": "newTags",
        "meta": "@tag",
        "userDefined": false
      },
      {
        "text": " be connected to laptop",
        "userDefined": false
      }
    ],
    "isTemplate": false,
    "count": 0,
    "updated": 0
  },
  {
    "id": "b313aa19-dee9-4da4-8375-394e89984ac0",
    "data": [
      {
        "text": "is it possible to connect my phone to ",
        "userDefined": false
      },
      {
        "text": "second",
        "alias": "ordinal",
        "meta": "@sys.ordinal",
        "userDefined": false
      }
    ],
    "isTemplate": false,
    "count": 0,
    "updated": 0
  },
  {
    "id": "1423d349-d345-4d41-b0ec-a011801b8eee",
    "data": [
      {
        "text": "can  I use this as laptop",
        "userDefined": false
      }
    ],
    "isTemplate": false,
    "count": 0,
    "updated": 0
  },
  {
    "id": "1469bc8c-5465-4cf1-a145-31de0f397332",
    "data": [
      {
        "text": "can  I use ",
        "userDefined": false
      },
      {
        "text": "second",
        "alias": "ordinal",
        "meta": "@sys.ordinal",
        "userDefined": false
      },
      {
        "text": " ",
        "userDefined": false
      },
      {
        "text": "tv",
        "alias": "newTags",
        "meta": "@tag",
        "userDefined": false
      },
      {
        "text": " as computer",
        "userDefined": false
      }
    ],
    "isTemplate": false,
    "count": 0,
    "updated": 0
  }
]