[
  {
    "id": "720bbbae-a274-408b-8221-a4634f1df833",
    "data": [
      {
        "text": "does the screen support ",
        "userDefined": false
      },
      {
        "text": "4 k",
        "meta": "@sys.ignore",
        "userDefined": false
      }
    ],
    "isTemplate": false,
    "count": 0,
    "updated": 0
  },
  {
    "id": "0ce0fe50-4e88-4a82-b08f-30eea102ccc7",
    "data": [
      {
        "text": "does the screen support ",
        "userDefined": false
      },
      {
        "text": "4k",
        "meta": "@sys.ignore",
        "userDefined": false
      }
    ],
    "isTemplate": false,
    "count": 0,
    "updated": 0
  },
  {
    "id": "9538b0d3-293d-4529-b050-c86de7c9f95a",
    "data": [
      {
        "text": "does the screen support ",
        "userDefined": false
      },
      {
        "text": "hd",
        "meta": "@sys.ignore",
        "userDefined": false
      }
    ],
    "isTemplate": false,
    "count": 0,
    "updated": 0
  },
  {
    "id": "aea95152-30e8-4c02-b50b-f5df11ff8e84",
    "data": [
      {
        "text": "does the screen support full ",
        "userDefined": false
      },
      {
        "text": "hd",
        "meta": "@sys.ignore",
        "userDefined": false
      }
    ],
    "isTemplate": false,
    "count": 0,
    "updated": 0
  },
  {
    "id": "b91421e7-78ee-4425-91ac-027f6974dd5c",
    "data": [
      {
        "text": "is the screen ",
        "userDefined": false
      },
      {
        "text": "4k",
        "meta": "@sys.ignore",
        "userDefined": false
      }
    ],
    "isTemplate": false,
    "count": 0,
    "updated": 0
  },
  {
    "id": "9f10d7bd-c418-467b-bcb1-955cf277a695",
    "data": [
      {
        "text": "what is screen resolution of ",
        "userDefined": false
      },
      {
        "text": "second",
        "alias": "ordinal",
        "meta": "@sys.ordinal",
        "userDefined": false
      },
      {
        "text": " from ",
        "userDefined": false
      },
      {
        "text": "lg",
        "alias": "newTags",
        "meta": "@tag",
        "userDefined": false
      }
    ],
    "isTemplate": false,
    "count": 0,
    "updated": 0
  },
  {
    "id": "58d05c23-a138-451a-86d4-952e082743b0",
    "data": [
      {
        "text": "how much clear is the screen",
        "userDefined": false
      }
    ],
    "isTemplate": false,
    "count": 0,
    "updated": 0
  },
  {
    "id": "9fa6d345-296f-4095-a184-52ed74a14f19",
    "data": [
      {
        "text": "how much clear is the screen of ",
        "userDefined": false
      },
      {
        "text": "lg",
        "alias": "newTags",
        "meta": "@tag",
        "userDefined": false
      },
      {
        "text": "?",
        "userDefined": false
      }
    ],
    "isTemplate": false,
    "count": 0,
    "updated": 0
  },
  {
    "id": "106f47e0-5410-4b3c-8120-b39948968724",
    "data": [
      {
        "text": "how much sharp is the screen of ",
        "userDefined": false
      },
      {
        "text": "second",
        "alias": "ordinal",
        "meta": "@sys.ordinal",
        "userDefined": false
      },
      {
        "text": " ",
        "userDefined": false
      },
      {
        "text": "tv",
        "alias": "newTags",
        "meta": "@tag",
        "userDefined": false
      }
    ],
    "isTemplate": false,
    "count": 0,
    "updated": 0
  },
  {
    "id": "b313aa19-dee9-4da4-8375-394e89984ac0",
    "data": [
      {
        "text": "how much clear is the screen of ",
        "userDefined": false
      },
      {
        "text": "second",
        "alias": "ordinal",
        "meta": "@sys.ordinal",
        "userDefined": false
      }
    ],
    "isTemplate": false,
    "count": 0,
    "updated": 0
  },
  {
    "id": "1423d349-d345-4d41-b0ec-a011801b8eee",
    "data": [
      {
        "text": "what is screen resolution ",
        "userDefined": false
      },
      {
        "text": "50 inch",
        "alias": "newTags",
        "meta": "@tag",
        "userDefined": false
      }
    ],
    "isTemplate": false,
    "count": 0,
    "updated": 0
  },
  {
    "id": "1469bc8c-5465-4cf1-a145-31de0f397332",
    "data": [
      {
        "text": "how much clear is the screen of ",
        "userDefined": false
      },
      {
        "text": "second",
        "meta": "@sys.ignore",
        "userDefined": false
      },
      {
        "text": " ",
        "userDefined": false
      },
      {
        "text": "tv",
        "alias": "newTags",
        "meta": "@tag",
        "userDefined": false
      }
    ],
    "isTemplate": false,
    "count": 0,
    "updated": 0
  },
  {
    "id": "5495189e-c6b6-450d-b1c8-483fa0cc4bb2",
    "data": [
      {
        "text": "is the screen hd",
        "userDefined": false
      }
    ],
    "isTemplate": false,
    "count": 0,
    "updated": 0
  },
  {
    "id": "02209aa5-36b4-4195-9d97-c8e8d88dad5e",
    "data": [
      {
        "text": "is the screen 4 k",
        "userDefined": false
      }
    ],
    "isTemplate": false,
    "count": 0,
    "updated": 0
  }
]