[
  {
    "id": "71b38a50-c447-4095-b8e7-bf110f5fdef9",
    "data": [
      {
        "text": "Display me orders of ",
        "userDefined": false
      },
      {
        "text": "last week",
        "alias": "datePeriod",
        "meta": "@sys.date-period",
        "userDefined": false
      }
    ],
    "isTemplate": false,
    "count": 0,
    "updated": 0
  },
  {
    "id": "2df19680-b28c-48cf-8991-fecca2a6f4ca",
    "data": [
      {
        "text": "Display me orders ",
        "userDefined": false
      },
      {
        "text": "from December",
        "alias": "datePeriod",
        "meta": "@sys.date-period",
        "userDefined": false
      }
    ],
    "isTemplate": false,
    "count": 0,
    "updated": 0
  },
  {
    "id": "4806876e-e5dc-458b-afc4-639f9913b161",
    "data": [
      {
        "text": "show orders ",
        "userDefined": false
      },
      {
        "text": "in this month",
        "alias": "datePeriod",
        "meta": "@sys.date-period",
        "userDefined": false
      }
    ],
    "isTemplate": false,
    "count": 0,
    "updated": 0
  },
  {
    "id": "f24f327e-a4cf-4e48-85d7-25aaab20f3bd",
    "data": [
      {
        "text": "what I ordered in ",
        "userDefined": false
      },
      {
        "text": "16 Feb",
        "alias": "date",
        "meta": "@sys.date",
        "userDefined": false
      }
    ],
    "isTemplate": false,
    "count": 0,
    "updated": 0
  },
  {
    "id": "437c3159-6ed1-4134-9c80-389d86c0d0f5",
    "data": [
      {
        "text": "what did I ordered ",
        "userDefined": false
      },
      {
        "text": "yesterday",
        "alias": "date",
        "meta": "@sys.date",
        "userDefined": false
      }
    ],
    "isTemplate": false,
    "count": 0,
    "updated": 0
  },
  {
    "id": "cd6375c5-7a80-4db3-9364-6a65ef0bad2d",
    "data": [
      {
        "text": "Show me order ",
        "userDefined": false
      },
      {
        "text": "from last month",
        "alias": "datePeriod",
        "meta": "@sys.date-period",
        "userDefined": false
      }
    ],
    "isTemplate": false,
    "count": 0,
    "updated": 0
  }
]