[
  {
    "id": "2989825b-5a4a-4acd-82f2-9476c83e41d2",
    "data": [
      {
        "text": "checkout",
        "userDefined": false
      }
    ],
    "isTemplate": false,
    "count": 0,
    "updated": 0
  },
  {
    "id": "6980b518-614d-43c1-8dfd-ba6fb586788f",
    "data": [
      {
        "text": "Check out these items",
        "userDefined": false
      }
    ],
    "isTemplate": false,
    "count": 0,
    "updated": 0
  },
  {
    "id": "5ba7a3f9-bf54-4c2f-a44c-e74380f747ed",
    "data": [
      {
        "text": "I want to checkout",
        "userDefined": false
      }
    ],
    "isTemplate": false,
    "count": 0,
    "updated": 0
  },
  {
    "id": "bad36a2e-b77f-4a28-beea-d220ea945c29",
    "data": [
      {
        "text": "I\u0027m done, deliver these items",
        "userDefined": false
      }
    ],
    "isTemplate": false,
    "count": 0,
    "updated": 0
  },
  {
    "id": "586d4dec-09d8-4fb9-9027-c44ede4b52c9",
    "data": [
      {
        "text": "I want to place an order",
        "userDefined": false
      }
    ],
    "isTemplate": false,
    "count": 0,
    "updated": 0
  },
  {
    "id": "76820a80-b52e-407f-8359-0f1b15172f44",
    "data": [
      {
        "text": "place order",
        "userDefined": false
      }
    ],
    "isTemplate": false,
    "count": 0,
    "updated": 0
  },
  {
    "id": "5c601ae0-4a27-47ed-91f4-40f05d14fbc3",
    "data": [
      {
        "text": "place the order",
        "userDefined": false
      }
    ],
    "isTemplate": false,
    "count": 0,
    "updated": 0
  }
]