[
  {
    "id": "000673c0-2504-4c08-8906-42cda3a8db1c",
    "data": [
      {
        "text": "Display me orders of ",
        "userDefined": false
      },
      {
        "text": "last week",
        "alias": "datePeriod",
        "meta": "@sys.date-period",
        "userDefined": false
      }
    ],
    "isTemplate": false,
    "count": 0,
    "updated": 0
  },
  {
    "id": "dcde4f2f-2563-498b-a97b-835bad6328e9",
    "data": [
      {
        "text": "Display me orders ",
        "userDefined": false
      },
      {
        "text": "from December",
        "alias": "datePeriod",
        "meta": "@sys.date-period",
        "userDefined": false
      }
    ],
    "isTemplate": false,
    "count": 0,
    "updated": 0
  },
  {
    "id": "3588a72e-0519-46c6-8d4f-ecef5f6e5ff3",
    "data": [
      {
        "text": "show orders ",
        "userDefined": false
      },
      {
        "text": "in this month",
        "alias": "datePeriod",
        "meta": "@sys.date-period",
        "userDefined": false
      }
    ],
    "isTemplate": false,
    "count": 0,
    "updated": 0
  },
  {
    "id": "683c6358-fc9d-488d-b0b5-732687e56a60",
    "data": [
      {
        "text": "what I ordered in ",
        "userDefined": false
      },
      {
        "text": "16 Feb",
        "alias": "date",
        "meta": "@sys.date",
        "userDefined": false
      }
    ],
    "isTemplate": false,
    "count": 0,
    "updated": 0
  },
  {
    "id": "97ce1d90-83b9-46e1-9d8f-0597cf6de8d8",
    "data": [
      {
        "text": "what did I ordered ",
        "userDefined": false
      },
      {
        "text": "yesterday",
        "alias": "date",
        "meta": "@sys.date",
        "userDefined": false
      }
    ],
    "isTemplate": false,
    "count": 0,
    "updated": 0
  },
  {
    "id": "c38cfcd7-9066-4572-80ee-7341a90467fc",
    "data": [
      {
        "text": "Show me order ",
        "userDefined": false
      },
      {
        "text": "from last month",
        "alias": "datePeriod",
        "meta": "@sys.date-period",
        "userDefined": false
      }
    ],
    "isTemplate": false,
    "count": 0,
    "updated": 0
  }
]