[
  {
    "id": "5fe73890-4ee5-41fb-9c2f-17ba814c846a",
    "data": [
      {
        "text": "when will my order arrive",
        "userDefined": false
      }
    ],
    "isTemplate": false,
    "count": 0,
    "updated": 0
  },
  {
    "id": "3bc0fbff-1688-4a59-a018-8e45deb1b937",
    "data": [
      {
        "text": "check the status of my order",
        "userDefined": false
      }
    ],
    "isTemplate": false,
    "count": 0,
    "updated": 0
  },
  {
    "id": "c0657955-9425-4ad2-bae5-5b16d7cf154c",
    "data": [
      {
        "text": "I would like to know when my  delivery will be delivered",
        "userDefined": false
      }
    ],
    "isTemplate": false,
    "count": 0,
    "updated": 0
  },
  {
    "id": "f5142c2d-c2d5-426c-b0e2-a82450acbf63",
    "data": [
      {
        "text": "I would like to know when my order will be delivered",
        "userDefined": false
      }
    ],
    "isTemplate": false,
    "count": 0,
    "updated": 0
  },
  {
    "id": "639a2bfc-7798-4b3d-bed3-f7964d937e22",
    "data": [
      {
        "text": "how soon my delivery will be delivered",
        "userDefined": false
      }
    ],
    "isTemplate": false,
    "count": 0,
    "updated": 0
  },
  {
    "id": "7d9f0db9-7929-4ae2-8d51-b0f2abc16b9c",
    "data": [
      {
        "text": "how soon my order will be delivered",
        "userDefined": false
      }
    ],
    "isTemplate": false,
    "count": 0,
    "updated": 0
  },
  {
    "id": "d8ed32a9-380a-4956-8408-622b66fa4144",
    "data": [
      {
        "text": "where is my delivery",
        "userDefined": false
      }
    ],
    "isTemplate": false,
    "count": 0,
    "updated": 0
  },
  {
    "id": "de665af3-a444-47f2-8bab-cda339bf9e57",
    "data": [
      {
        "text": "check my order status",
        "userDefined": false
      }
    ],
    "isTemplate": false,
    "count": 0,
    "updated": 0
  },
  {
    "id": "2aedd791-0d84-458b-a76d-1d5a242381ba",
    "data": [
      {
        "text": "check status of my order",
        "userDefined": false
      }
    ],
    "isTemplate": false,
    "count": 0,
    "updated": 0
  },
  {
    "id": "d136508c-06dc-4cbf-9f4f-5ad371fc918e",
    "data": [
      {
        "text": "check status of my delivery",
        "userDefined": false
      }
    ],
    "isTemplate": false,
    "count": 0,
    "updated": 0
  },
  {
    "id": "6d6fce9d-da22-4acd-a69d-8c47b7e61e26",
    "data": [
      {
        "text": "check the status of my delivery",
        "userDefined": false
      }
    ],
    "isTemplate": false,
    "count": 0,
    "updated": 0
  },
  {
    "id": "de0bdff3-14f3-4dd9-92f9-e6982d8e7a74",
    "data": [
      {
        "text": "where is my order",
        "userDefined": false
      }
    ],
    "isTemplate": false,
    "count": 0,
    "updated": 0
  },
  {
    "id": "8c144ec9-0b8f-420c-aaa5-e6bc73dbb451",
    "data": [
      {
        "text": "status of my order",
        "userDefined": false
      }
    ],
    "isTemplate": false,
    "count": 0,
    "updated": 0
  }
]