[
  {
    "id": "603eab51-d7e3-42d4-b004-74e7dda2fc62",
    "data": [
      {
        "text": "when will my order arrive",
        "userDefined": false
      }
    ],
    "isTemplate": false,
    "count": 0,
    "updated": 0
  },
  {
    "id": "54b4a60e-86ff-4e94-a421-6a3e79cda3bb",
    "data": [
      {
        "text": "check the status of my order",
        "userDefined": false
      }
    ],
    "isTemplate": false,
    "count": 0,
    "updated": 0
  },
  {
    "id": "a2228aa3-90cc-47d9-95db-c7de6c2760c9",
    "data": [
      {
        "text": "I would like to know when my  delivery will be delivered",
        "userDefined": false
      }
    ],
    "isTemplate": false,
    "count": 0,
    "updated": 0
  },
  {
    "id": "509b9d9b-abb7-45a5-843c-5cb3b898c0d7",
    "data": [
      {
        "text": "I would like to know when my order will be delivered",
        "userDefined": false
      }
    ],
    "isTemplate": false,
    "count": 0,
    "updated": 0
  },
  {
    "id": "cc559854-cbce-414f-9e9d-02ca4eaf672f",
    "data": [
      {
        "text": "how soon my delivery will be delivered",
        "userDefined": false
      }
    ],
    "isTemplate": false,
    "count": 0,
    "updated": 0
  },
  {
    "id": "579f9dd6-8df9-4125-b826-7cd98998994a",
    "data": [
      {
        "text": "how soon my order will be delivered",
        "userDefined": false
      }
    ],
    "isTemplate": false,
    "count": 0,
    "updated": 0
  },
  {
    "id": "55e5c70a-324d-4f58-b126-eba958256ec2",
    "data": [
      {
        "text": "where is my delivery",
        "userDefined": false
      }
    ],
    "isTemplate": false,
    "count": 0,
    "updated": 0
  },
  {
    "id": "38d3944f-f9d6-498b-91ea-48f590fe58e1",
    "data": [
      {
        "text": "check my order status",
        "userDefined": false
      }
    ],
    "isTemplate": false,
    "count": 0,
    "updated": 0
  },
  {
    "id": "4f67c1ab-562d-40ea-8ff9-9742c2cd3fa2",
    "data": [
      {
        "text": "check status of my order",
        "userDefined": false
      }
    ],
    "isTemplate": false,
    "count": 0,
    "updated": 0
  },
  {
    "id": "65a0669e-cfa5-48c7-a171-bd244c4538d5",
    "data": [
      {
        "text": "check status of my delivery",
        "userDefined": false
      }
    ],
    "isTemplate": false,
    "count": 0,
    "updated": 0
  },
  {
    "id": "8d260ac4-3cde-4176-bf10-6a305c0a847f",
    "data": [
      {
        "text": "check the status of my delivery",
        "userDefined": false
      }
    ],
    "isTemplate": false,
    "count": 0,
    "updated": 0
  },
  {
    "id": "e6715f5e-5b09-46fc-8931-4c5bee016894",
    "data": [
      {
        "text": "where is my order",
        "userDefined": false
      }
    ],
    "isTemplate": false,
    "count": 0,
    "updated": 0
  },
  {
    "id": "9d6ae92b-ef4d-441c-ab56-c2d5cd1770e1",
    "data": [
      {
        "text": "status of my order",
        "userDefined": false
      }
    ],
    "isTemplate": false,
    "count": 0,
    "updated": 0
  }
]