[
  {
    "id": "54724c10-48f0-4e96-af61-803c73850fe2",
    "data": [
      {
        "text": " check my order",
        "userDefined": false
      }
    ],
    "isTemplate": false,
    "count": 0,
    "updated": 0
  },
  {
    "id": "74b437b4-e5f2-4947-bd7f-c7b5c93da9f4",
    "data": [
      {
        "text": "show my order",
        "userDefined": false
      }
    ],
    "isTemplate": false,
    "count": 0,
    "updated": 0
  },
  {
    "id": "8136da3f-011d-43e4-8cd9-9433353be090",
    "data": [
      {
        "text": "Show me recent orders, what Have i ordered",
        "userDefined": false
      }
    ],
    "isTemplate": false,
    "count": 0,
    "updated": 0
  },
  {
    "id": "b325855e-9bf9-48e9-b626-e1aff7c795ca",
    "data": [
      {
        "text": "show me what I have ordered",
        "userDefined": false
      }
    ],
    "isTemplate": false,
    "count": 0,
    "updated": 0
  },
  {
    "id": "e89294e2-ca5b-487d-8db2-7ac8b572595b",
    "data": [
      {
        "text": "Show me recent orders",
        "userDefined": false
      }
    ],
    "isTemplate": false,
    "count": 0,
    "updated": 0
  },
  {
    "id": "6c83a50b-62e8-4507-946d-c8e2d277b7d0",
    "data": [
      {
        "text": "What I ordered recently",
        "userDefined": false
      }
    ],
    "isTemplate": false,
    "count": 0,
    "updated": 0
  }
]