[
  {
    "id": "5278d2dc-c435-46d0-b65e-6b8437fc3c22",
    "data": [
      {
        "text": "checkout",
        "userDefined": false
      }
    ],
    "isTemplate": false,
    "count": 0,
    "updated": 0
  },
  {
    "id": "7e2a6c1a-601a-439c-8a3a-229f647b53e9",
    "data": [
      {
        "text": "Check out these items",
        "userDefined": false
      }
    ],
    "isTemplate": false,
    "count": 0,
    "updated": 0
  },
  {
    "id": "0b7bc108-083a-4af4-8541-a1c30c0b8e90",
    "data": [
      {
        "text": "I want to checkout",
        "userDefined": false
      }
    ],
    "isTemplate": false,
    "count": 0,
    "updated": 0
  },
  {
    "id": "7ebf6b66-69ce-43d2-ade1-35d053770673",
    "data": [
      {
        "text": "I\u0027m done, deliver these items",
        "userDefined": false
      }
    ],
    "isTemplate": false,
    "count": 0,
    "updated": 0
  },
  {
    "id": "cb681f6c-4875-4639-a6d2-f4ef6b565021",
    "data": [
      {
        "text": "I want to place an order",
        "userDefined": false
      }
    ],
    "isTemplate": false,
    "count": 0,
    "updated": 0
  },
  {
    "id": "d4f4bf14-052c-452f-a74a-2e601f1e65c3",
    "data": [
      {
        "text": "place order",
        "userDefined": false
      }
    ],
    "isTemplate": false,
    "count": 0,
    "updated": 0
  },
  {
    "id": "5a30392f-58ca-4534-bd38-091d93e4459f",
    "data": [
      {
        "text": "place the order",
        "userDefined": false
      }
    ],
    "isTemplate": false,
    "count": 0,
    "updated": 0
  }
]