[
  {
    "id": "42ffa8d1-58e3-4831-9a96-8b70e007bca6",
    "data": [
      {
        "text": "checkout",
        "userDefined": false
      }
    ],
    "isTemplate": false,
    "count": 0,
    "updated": 0
  },
  {
    "id": "ad81ac89-1b3b-41fd-8c81-1484bc0b26cd",
    "data": [
      {
        "text": "Check out these items",
        "userDefined": false
      }
    ],
    "isTemplate": false,
    "count": 0,
    "updated": 0
  },
  {
    "id": "d5987a87-0808-4dcb-8edb-2a11f0c35ce8",
    "data": [
      {
        "text": "I want to checkout",
        "userDefined": false
      }
    ],
    "isTemplate": false,
    "count": 0,
    "updated": 0
  },
  {
    "id": "07500068-d5ca-42ec-baa9-9f3bb71980a6",
    "data": [
      {
        "text": "I\u0027m done, deliver these items",
        "userDefined": false
      }
    ],
    "isTemplate": false,
    "count": 0,
    "updated": 0
  },
  {
    "id": "57e204bf-6d79-419d-8e71-485b33f22f05",
    "data": [
      {
        "text": "I want to place an order",
        "userDefined": false
      }
    ],
    "isTemplate": false,
    "count": 0,
    "updated": 0
  },
  {
    "id": "d2fee20d-406a-4c0a-98b1-7c6494f1437e",
    "data": [
      {
        "text": "place order",
        "userDefined": false
      }
    ],
    "isTemplate": false,
    "count": 0,
    "updated": 0
  },
  {
    "id": "1b43ac8a-ab59-4936-8749-d5e024ce05a7",
    "data": [
      {
        "text": "place the order",
        "userDefined": false
      }
    ],
    "isTemplate": false,
    "count": 0,
    "updated": 0
  }
]