[
  {
    "id": "4889f068-a0ae-484b-aad1-1d2bacab6e72",
    "data": [
      {
        "text": "Display me orders of ",
        "userDefined": false
      },
      {
        "text": "last week",
        "alias": "datePeriod",
        "meta": "@sys.date-period",
        "userDefined": false
      }
    ],
    "isTemplate": false,
    "count": 0,
    "updated": 0
  },
  {
    "id": "dff482e4-3487-4384-8c96-052991a0f1af",
    "data": [
      {
        "text": "Display me orders ",
        "userDefined": false
      },
      {
        "text": "from December",
        "alias": "datePeriod",
        "meta": "@sys.date-period",
        "userDefined": false
      }
    ],
    "isTemplate": false,
    "count": 0,
    "updated": 0
  },
  {
    "id": "1389e73b-e48a-448b-92a8-30dfa9ebd59c",
    "data": [
      {
        "text": "show orders ",
        "userDefined": false
      },
      {
        "text": "in this month",
        "alias": "datePeriod",
        "meta": "@sys.date-period",
        "userDefined": false
      }
    ],
    "isTemplate": false,
    "count": 0,
    "updated": 0
  },
  {
    "id": "3ea378a5-fea7-42ed-b8e1-2bcc9edc7b57",
    "data": [
      {
        "text": "what I ordered in ",
        "userDefined": false
      },
      {
        "text": "16 Feb",
        "alias": "date",
        "meta": "@sys.date",
        "userDefined": false
      }
    ],
    "isTemplate": false,
    "count": 0,
    "updated": 0
  },
  {
    "id": "f78e6a7a-dc3d-47ed-9b54-b3ef73e5e45a",
    "data": [
      {
        "text": "what did I ordered ",
        "userDefined": false
      },
      {
        "text": "yesterday",
        "alias": "date",
        "meta": "@sys.date",
        "userDefined": false
      }
    ],
    "isTemplate": false,
    "count": 0,
    "updated": 0
  },
  {
    "id": "5f0c78fb-e5d3-4de6-b903-ac32ed378401",
    "data": [
      {
        "text": "Show me order ",
        "userDefined": false
      },
      {
        "text": "from last month",
        "alias": "datePeriod",
        "meta": "@sys.date-period",
        "userDefined": false
      }
    ],
    "isTemplate": false,
    "count": 0,
    "updated": 0
  }
]