[
  {
    "id": "c86babb9-2d76-4429-b5e4-62cb3f7b8bb7",
    "data": [
      {
        "text": " check my order",
        "userDefined": false
      }
    ],
    "isTemplate": false,
    "count": 0,
    "updated": 0
  },
  {
    "id": "d22d39df-7c11-4a7e-a949-bdab5c4453b6",
    "data": [
      {
        "text": "show my order",
        "userDefined": false
      }
    ],
    "isTemplate": false,
    "count": 0,
    "updated": 0
  },
  {
    "id": "b7b4ddf4-a330-45e8-8c0b-9484424d86b0",
    "data": [
      {
        "text": "Show me recent orders, what Have i ordered",
        "userDefined": false
      }
    ],
    "isTemplate": false,
    "count": 0,
    "updated": 0
  },
  {
    "id": "6c32302b-156d-4e21-ba7e-551b2d57443e",
    "data": [
      {
        "text": "show me what I have ordered",
        "userDefined": false
      }
    ],
    "isTemplate": false,
    "count": 0,
    "updated": 0
  },
  {
    "id": "8807ef92-f7f8-414e-9350-3852800e601c",
    "data": [
      {
        "text": "Show me recent orders",
        "userDefined": false
      }
    ],
    "isTemplate": false,
    "count": 0,
    "updated": 0
  },
  {
    "id": "a5210e50-59b1-417c-be3e-3a77422d4df3",
    "data": [
      {
        "text": "What I ordered recently",
        "userDefined": false
      }
    ],
    "isTemplate": false,
    "count": 0,
    "updated": 0
  }
]