[
  {
    "id": "1d4706e4-da0f-4461-a896-93ba97750ee4",
    "data": [
      {
        "text": "when will my order arrive",
        "userDefined": false
      }
    ],
    "isTemplate": false,
    "count": 0,
    "updated": 0
  },
  {
    "id": "a527a5d7-e89d-498c-bf93-239332e63057",
    "data": [
      {
        "text": "check the status of my order",
        "userDefined": false
      }
    ],
    "isTemplate": false,
    "count": 0,
    "updated": 0
  },
  {
    "id": "cc7adfae-2a42-4f89-873b-ea8825dd6d40",
    "data": [
      {
        "text": "I would like to know when my  delivery will be delivered",
        "userDefined": false
      }
    ],
    "isTemplate": false,
    "count": 0,
    "updated": 0
  },
  {
    "id": "ea89f340-7f9c-47f1-8f9d-42474948b176",
    "data": [
      {
        "text": "I would like to know when my order will be delivered",
        "userDefined": false
      }
    ],
    "isTemplate": false,
    "count": 0,
    "updated": 0
  },
  {
    "id": "72451895-df91-4207-87fd-65e51c86502f",
    "data": [
      {
        "text": "how soon my delivery will be delivered",
        "userDefined": false
      }
    ],
    "isTemplate": false,
    "count": 0,
    "updated": 0
  },
  {
    "id": "15a98d55-c96d-4792-ad01-e86062b4b71f",
    "data": [
      {
        "text": "how soon my order will be delivered",
        "userDefined": false
      }
    ],
    "isTemplate": false,
    "count": 0,
    "updated": 0
  },
  {
    "id": "85081887-0c0f-4198-a242-5db11e3382d2",
    "data": [
      {
        "text": "where is my delivery",
        "userDefined": false
      }
    ],
    "isTemplate": false,
    "count": 0,
    "updated": 0
  },
  {
    "id": "121d737a-5eeb-4d0a-97c0-e5178e01c115",
    "data": [
      {
        "text": "check my order status",
        "userDefined": false
      }
    ],
    "isTemplate": false,
    "count": 0,
    "updated": 0
  },
  {
    "id": "fd3a34ab-ee89-4cd3-b322-26d548fd4348",
    "data": [
      {
        "text": "check status of my order",
        "userDefined": false
      }
    ],
    "isTemplate": false,
    "count": 0,
    "updated": 0
  },
  {
    "id": "7f3ba515-ab76-401d-b981-ffcd9602e25e",
    "data": [
      {
        "text": "check status of my delivery",
        "userDefined": false
      }
    ],
    "isTemplate": false,
    "count": 0,
    "updated": 0
  },
  {
    "id": "32fb5aad-949b-4303-af96-9749c96672d5",
    "data": [
      {
        "text": "check the status of my delivery",
        "userDefined": false
      }
    ],
    "isTemplate": false,
    "count": 0,
    "updated": 0
  },
  {
    "id": "2ba51940-b84d-47ec-bb32-3d1cf6a54591",
    "data": [
      {
        "text": "where is my order",
        "userDefined": false
      }
    ],
    "isTemplate": false,
    "count": 0,
    "updated": 0
  },
  {
    "id": "e3a04480-48cc-406f-9e73-7d6809e8c447",
    "data": [
      {
        "text": "status of my order",
        "userDefined": false
      }
    ],
    "isTemplate": false,
    "count": 0,
    "updated": 0
  }
]