[
  {
    "id": "6f168a26-1fdb-4d03-b88f-14a364b2c671",
    "data": [
      {
        "text": " check my order",
        "userDefined": false
      }
    ],
    "isTemplate": false,
    "count": 0,
    "updated": 0
  },
  {
    "id": "8b06f4f0-352f-4913-a1d5-ed4232a801ef",
    "data": [
      {
        "text": "show my order",
        "userDefined": false
      }
    ],
    "isTemplate": false,
    "count": 0,
    "updated": 0
  },
  {
    "id": "a82ea9bf-b156-4fc0-a1f7-26396baebc55",
    "data": [
      {
        "text": "Show me recent orders, what Have i ordered",
        "userDefined": false
      }
    ],
    "isTemplate": false,
    "count": 0,
    "updated": 0
  },
  {
    "id": "61ad3acf-5fd0-45f1-9922-6a68ad3fee5c",
    "data": [
      {
        "text": "show me what I have ordered",
        "userDefined": false
      }
    ],
    "isTemplate": false,
    "count": 0,
    "updated": 0
  },
  {
    "id": "abaf4744-1648-469e-b03e-1700df8ea85d",
    "data": [
      {
        "text": "Show me recent orders",
        "userDefined": false
      }
    ],
    "isTemplate": false,
    "count": 0,
    "updated": 0
  },
  {
    "id": "0fe4cfd9-8b15-41e7-b1d1-428880746374",
    "data": [
      {
        "text": "What I ordered recently",
        "userDefined": false
      }
    ],
    "isTemplate": false,
    "count": 0,
    "updated": 0
  }
]