[
  {
    "id": "66b1ad70-0f2f-4f59-a810-eb3ddb277a17",
    "data": [
      {
        "text": "What\u0027s the cost of ",
        "userDefined": false
      },
      {
        "text": "whirlpool",
        "alias": "tag",
        "meta": "@tag",
        "userDefined": false
      },
      {
        "text": " ",
        "userDefined": false
      },
      {
        "text": "fridge",
        "alias": "tag",
        "meta": "@tag",
        "userDefined": false
      },
      {
        "text": "?",
        "userDefined": false
      }
    ],
    "isTemplate": false,
    "count": 0,
    "updated": 0
  },
  {
    "id": "4fbce5b3-e29d-4fb6-a0c7-339eab07dd19",
    "data": [
      {
        "text": "How much are you selling ",
        "userDefined": false
      },
      {
        "text": "32 inch",
        "alias": "tag",
        "meta": "@tag",
        "userDefined": false
      },
      {
        "text": " ",
        "userDefined": false
      },
      {
        "text": "Samsung",
        "alias": "tag",
        "meta": "@tag",
        "userDefined": false
      },
      {
        "text": " ",
        "userDefined": false
      },
      {
        "text": "tv",
        "alias": "tag",
        "meta": "@tag",
        "userDefined": false
      },
      {
        "text": " for?",
        "userDefined": false
      }
    ],
    "isTemplate": false,
    "count": 0,
    "updated": 0
  },
  {
    "id": "320a9cb8-c743-4b35-a156-f22886aae3cc",
    "data": [
      {
        "text": "What is the price of ",
        "userDefined": false
      },
      {
        "text": "tv",
        "alias": "tag",
        "meta": "@tag",
        "userDefined": true
      }
    ],
    "isTemplate": false,
    "count": 0,
    "updated": 0
  },
  {
    "id": "dce5cccb-1a4d-410a-ba80-eaea248afe2c",
    "data": [
      {
        "text": "What is the price of ",
        "userDefined": false
      },
      {
        "text": "kitkat",
        "alias": "tag",
        "meta": "@tag",
        "userDefined": false
      }
    ],
    "isTemplate": false,
    "count": 0,
    "updated": 0
  },
  {
    "id": "8e73eee0-fa9c-47ac-9e0a-71c6163068ad",
    "data": [
      {
        "text": "Check price of ",
        "userDefined": false
      },
      {
        "text": "amul",
        "alias": "tag",
        "meta": "@tag",
        "userDefined": true
      },
      {
        "text": " ",
        "userDefined": false
      },
      {
        "text": "1 litre",
        "alias": "tag",
        "meta": "@tag",
        "userDefined": false
      }
    ],
    "isTemplate": false,
    "count": 0,
    "updated": 0
  },
  {
    "id": "9969b8b1-4d92-4782-ba47-ce850d3cbd58",
    "data": [
      {
        "text": "I want to know the price of ",
        "userDefined": false
      },
      {
        "text": "cocacola",
        "alias": "tag",
        "meta": "@tag",
        "userDefined": false
      }
    ],
    "isTemplate": false,
    "count": 0,
    "updated": 0
  },
  {
    "id": "91a79c3e-4b95-4ac6-85a8-ff3027b26df8",
    "data": [
      {
        "text": "How much does ",
        "userDefined": false
      },
      {
        "text": "silk",
        "alias": "tag",
        "meta": "@tag",
        "userDefined": false
      },
      {
        "text": " ",
        "userDefined": false
      },
      {
        "text": "chocolate",
        "alias": "tag",
        "meta": "@tag",
        "userDefined": true
      },
      {
        "text": " cost?",
        "userDefined": false
      }
    ],
    "isTemplate": false,
    "count": 0,
    "updated": 0
  }
]