[
  {
    "id": "4b772d51-1fe8-477f-9220-a41f0821e00b",
    "data": [
      {
        "text": "What is the price of ",
        "userDefined": false
      },
      {
        "text": "kitkat",
        "alias": "tag",
        "meta": "@tag",
        "userDefined": false
      }
    ],
    "isTemplate": false,
    "count": 0,
    "updated": 0
  },
  {
    "id": "f7ad41e8-c686-4074-b796-f3122641bd3b",
    "data": [
      {
        "text": "Check price of ",
        "userDefined": false
      },
      {
        "text": "amul",
        "alias": "tag",
        "meta": "@tag",
        "userDefined": true
      },
      {
        "text": " ",
        "userDefined": false
      },
      {
        "text": "1 litre",
        "alias": "tag",
        "meta": "@tag",
        "userDefined": false
      }
    ],
    "isTemplate": false,
    "count": 0,
    "updated": 0
  },
  {
    "id": "47c2bdd2-f5de-4ca6-a2be-e3f9e29164dc",
    "data": [
      {
        "text": "I want to know the price of ",
        "userDefined": false
      },
      {
        "text": "cocacola",
        "alias": "tag",
        "meta": "@tag",
        "userDefined": false
      }
    ],
    "isTemplate": false,
    "count": 0,
    "updated": 0
  },
  {
    "id": "9741593d-316e-44aa-bca5-4fa623262bcd",
    "data": [
      {
        "text": "How much does ",
        "userDefined": false
      },
      {
        "text": "silk",
        "alias": "tag",
        "meta": "@tag",
        "userDefined": false
      },
      {
        "text": " ",
        "userDefined": false
      },
      {
        "text": "chocolate",
        "alias": "tag",
        "meta": "@tag",
        "userDefined": true
      },
      {
        "text": " cost?",
        "userDefined": false
      }
    ],
    "isTemplate": false,
    "count": 0,
    "updated": 0
  }
]