[
  {
    "id": "87bd90e5-fa39-4dc7-af2b-106affb23c6f",
    "data": [
      {
        "text": "What is the price of ",
        "userDefined": false
      },
      {
        "text": "tv",
        "alias": "tag",
        "meta": "@tag",
        "userDefined": true
      }
    ],
    "isTemplate": false,
    "count": 0,
    "updated": 0
  },
  {
    "id": "1f299815-81d6-4aad-a503-e94209bd96ae",
    "data": [
      {
        "text": "What is the price of ",
        "userDefined": false
      },
      {
        "text": "kitkat",
        "alias": "tag",
        "meta": "@tag",
        "userDefined": false
      }
    ],
    "isTemplate": false,
    "count": 0,
    "updated": 0
  },
  {
    "id": "01f56599-f565-4489-b0ca-cfba48b16d29",
    "data": [
      {
        "text": "Check price of ",
        "userDefined": false
      },
      {
        "text": "amul",
        "alias": "tag",
        "meta": "@tag",
        "userDefined": true
      },
      {
        "text": " ",
        "userDefined": false
      },
      {
        "text": "1 litre",
        "alias": "tag",
        "meta": "@tag",
        "userDefined": false
      }
    ],
    "isTemplate": false,
    "count": 0,
    "updated": 0
  },
  {
    "id": "09e88ffc-95a1-4ffd-9a24-33c831ad922f",
    "data": [
      {
        "text": "I want to know the price of ",
        "userDefined": false
      },
      {
        "text": "cocacola",
        "alias": "tag",
        "meta": "@tag",
        "userDefined": false
      }
    ],
    "isTemplate": false,
    "count": 0,
    "updated": 0
  },
  {
    "id": "3aeb35d1-1104-44c6-b7f7-45eec6139aa2",
    "data": [
      {
        "text": "How much does ",
        "userDefined": false
      },
      {
        "text": "silk",
        "alias": "tag",
        "meta": "@tag",
        "userDefined": false
      },
      {
        "text": " ",
        "userDefined": false
      },
      {
        "text": "chocolate",
        "alias": "tag",
        "meta": "@tag",
        "userDefined": true
      },
      {
        "text": " cost?",
        "userDefined": false
      }
    ],
    "isTemplate": false,
    "count": 0,
    "updated": 0
  }
]