[
  {
    "id": "a3184f1f-f05e-413b-8dde-809e5a38c4e9",
    "data": [
      {
        "text": "What",
        "meta": "@tag",
        "userDefined": false
      },
      {
        "text": "is",
        "meta": "@tag",
        "userDefined": false
      },
      {
        "text": "size",
        "meta": "@tag",
        "userDefined": false
      },
      {
        "text": "of",
        "meta": "@tag",
        "userDefined": false
      },
      {
        "text": "fridge",
        "meta": "@tag",
        "userDefined": false
      }
    ],
    "isTemplate": false,
    "count": 0,
    "updated": 0
  }
]