[
  {
    "value": "55 inch",
    "synonyms": [
      "55 inch"
    ]
  },
  {
    "value": "QLED",
    "synonyms": [
      "QLED"
    ]
  },
  {
    "value": "TV",
    "synonyms": [
      "TV",
      "tv",
      "television",
      "tele vision",
      "display",
      "tvs"
    ]
  },
  {
    "value": "OnePlus",
    "synonyms": [
      "OnePlus",
      "One Plus"
    ]
  },
  {
    "value": "190L",
    "synonyms": [
      "190 L",
      "190 l",
      "190 litre",
      "190 Litre"
    ]
  },
  {
    "value": "3 star",
    "synonyms": [
      "3 star",
      "3-star",
      "3star",
      "three star"
    ]
  },
  {
    "value": "Direct",
    "synonyms": [
      "Direct"
    ]
  },
  {
    "value": "cool",
    "synonyms": [
      "cool"
    ]
  },
  {
    "value": "Single",
    "synonyms": [
      "Single"
    ]
  },
  {
    "value": "door",
    "synonyms": [
      "door"
    ]
  },
  {
    "value": "Alpha",
    "synonyms": [
      "Alpha"
    ]
  },
  {
    "value": "Silver",
    "synonyms": [
      "Silver"
    ]
  },
  {
    "value": "Steel",
    "synonyms": [
      "Steel"
    ]
  },
  {
    "value": "Refrigerator",
    "synonyms": [
      "Refrigerator",
      "fridge"
    ]
  },
  {
    "value": "Whirlpool",
    "synonyms": [
      "Whirlpool",
      "Whirl pool"
    ]
  },
  {
    "value": "1.5 Ton",
    "synonyms": [
      "1.5 Ton"
    ]
  },
  {
    "value": "5 star",
    "synonyms": [
      "5-star",
      "5 star",
      "5star",
      "five star"
    ]
  },
  {
    "value": "Dual",
    "synonyms": [
      "Dual"
    ]
  },
  {
    "value": "Inverter",
    "synonyms": [
      "Inverter"
    ]
  },
  {
    "value": "Copper",
    "synonyms": [
      "Copper"
    ]
  },
  {
    "value": "Split",
    "synonyms": [
      "Split"
    ]
  },
  {
    "value": "AC",
    "synonyms": [
      "AC",
      "Air Conditioner"
    ]
  },
  {
    "value": "White",
    "synonyms": [
      "White"
    ]
  },
  {
    "value": "LG",
    "synonyms": [
      "life\u0027s good",
      "life good",
      "LG"
    ]
  },
  {
    "value": "52L",
    "synonyms": [
      "52 L",
      "52 l",
      "52 litre",
      "52 Litre"
    ]
  },
  {
    "value": "Brushline",
    "synonyms": [
      "Brushline"
    ]
  },
  {
    "value": "Haier",
    "synonyms": [
      "Haier"
    ]
  },
  {
    "value": "1 Ton",
    "synonyms": [
      "1 Ton"
    ]
  },
  {
    "value": "Godrej",
    "synonyms": [
      "Godrej"
    ]
  },
  {
    "value": "240L",
    "synonyms": [
      "240 L",
      "240 l",
      "240 litre",
      "240 Litre"
    ]
  },
  {
    "value": "Frost",
    "synonyms": [
      "Frost"
    ]
  },
  {
    "value": "Free",
    "synonyms": [
      "Free"
    ]
  },
  {
    "value": "Multi",
    "synonyms": [
      "Multi"
    ]
  },
  {
    "value": "0.8 Ton",
    "synonyms": [
      "0.8 Ton"
    ]
  },
  {
    "value": "Floral",
    "synonyms": [
      "Floral"
    ]
  },
  {
    "value": "32 inch",
    "synonyms": [
      "32 inch"
    ]
  },
  {
    "value": "HD",
    "synonyms": [
      "HD"
    ]
  },
  {
    "value": "Ready",
    "synonyms": [
      "Ready"
    ]
  },
  {
    "value": "LED",
    "synonyms": [
      "LED"
    ]
  },
  {
    "value": "Smart",
    "synonyms": [
      "Smart"
    ]
  },
  {
    "value": "Blue",
    "synonyms": [
      "Blue"
    ]
  },
  {
    "value": "Crimson",
    "synonyms": [
      "Crimson"
    ]
  },
  {
    "value": "Red",
    "synonyms": [
      "Red"
    ]
  },
  {
    "value": "260L",
    "synonyms": [
      "260 L",
      "260 l",
      "260 litre",
      "260 Litre"
    ]
  },
  {
    "value": "Shiny",
    "synonyms": [
      "Shiny"
    ]
  },
  {
    "value": "43 inch",
    "synonyms": [
      "43 inch"
    ]
  },
  {
    "value": "4K",
    "synonyms": [
      "4K"
    ]
  },
  {
    "value": "UHD",
    "synonyms": [
      "uhd",
      "ultra HD",
      "ultra high definition",
      "4k",
      "4 k"
    ]
  },
  {
    "value": "Samsung",
    "synonyms": [
      "Samsung"
    ]
  },
  {
    "value": "320L",
    "synonyms": [
      "320 L",
      "320 l",
      "320 litre",
      "320 Litre"
    ]
  },
  {
    "value": "Double",
    "synonyms": [
      "Double"
    ]
  },
  {
    "value": "Mi",
    "synonyms": [
      "mi",
      "xiomi",
      "Mi"
    ]
  },
  {
    "value": "50 inch",
    "synonyms": [
      "50 inch"
    ]
  },
  {
    "value": "Android",
    "synonyms": [
      "Android"
    ]
  },
  {
    "value": "Xiomi",
    "synonyms": [
      "Xiomi"
    ]
  },
  {
    "value": "Daikin",
    "synonyms": [
      "Daikin"
    ]
  },
  {
    "value": "1.2 Ton",
    "synonyms": [
      "1.2 Ton"
    ]
  },
  {
    "value": "Voltas",
    "synonyms": [
      "Voltas"
    ]
  },
  {
    "value": "4 star",
    "synonyms": [
      "4 star",
      "4-star",
      "4star",
      "four star"
    ]
  },
  {
    "value": "Sapphire",
    "synonyms": [
      "Sapphire"
    ]
  },
  {
    "value": "Radiance",
    "synonyms": [
      "Radiance"
    ]
  },
  {
    "value": "200L",
    "synonyms": [
      "200 L",
      "200 l",
      "200 litre",
      "200 Litre"
    ]
  },
  {
    "value": "Scarlet",
    "synonyms": [
      "Scarlet"
    ]
  },
  {
    "value": "FHD",
    "synonyms": [
      "FHD"
    ]
  },
  {
    "value": "75 inch",
    "synonyms": [
      "75 inch"
    ]
  },
  {
    "value": "49 inch",
    "synonyms": [
      "49 inch"
    ]
  },
  {
    "value": "21 inch",
    "synonyms": [
      "21 inch"
    ]
  },
  {
    "value": "27 inch",
    "synonyms": [
      "27 inch"
    ]
  },
  {
    "value": "Wi-Fi",
    "synonyms": [
      "Wifi",
      "Wi-Fi",
      "Wi Fi"
    ]
  },
  {
    "value": "Window",
    "synonyms": [
      "Window"
    ]
  }
]